structure,energy_eV,max_force_eV_per_A,calculation_type,num_atoms,xyz_file,formation_energy_eV_per_atom
POSCAR_001_score_0.9892.vasp,-25338.865234375,0.88795656,energy_only,1715,optimized_structures/1__001_score_0.9892.xyz,-6.221362437312179
POSCAR_002_score_0.9298.vasp,-25338.83203125,0.9358796,energy_only,1715,optimized_structures/2__002_score_0.9298.xyz,-6.221343076889439
POSCAR_003_score_0.9752.vasp,-25338.810546875,0.88923806,energy_only,1715,optimized_structures/3__003_score_0.9752.xyz,-6.221330549557077
POSCAR_004_score_0.9698.vasp,-25338.98046875,0.8814341,energy_only,1715,optimized_structures/4__004_score_0.9698.xyz,-6.221429629367573
POSCAR_005_score_0.9730.vasp,-25338.6875,0.8785909,energy_only,1715,optimized_structures/5__005_score_0.9730.xyz,-6.221258802108097
POSCAR_006_score_0.9276.vasp,-25339.021484375,0.87081146,energy_only,1715,optimized_structures/6__006_score_0.9276.xyz,-6.221453545183899
POSCAR_007_score_0.9223.vasp,-25338.8046875,0.86472446,energy_only,1715,optimized_structures/7__007_score_0.9223.xyz,-6.221327133011887
POSCAR_008_score_0.9395.vasp,-25338.98828125,0.918182,energy_only,1715,optimized_structures/8__008_score_0.9395.xyz,-6.221434184761159
POSCAR_009_score_0.9633.vasp,-25338.66796875,0.8950288,energy_only,1715,optimized_structures/9__009_score_0.9633.xyz,-6.221247413624132
POSCAR_010_score_0.9622.vasp,-25338.84375,0.9182307,energy_only,1715,optimized_structures/10__010_score_0.9622.xyz,-6.221349909979818
POSCAR_011_score_0.9568.vasp,-25338.626953125,0.90143645,energy_only,1715,optimized_structures/11__011_score_0.9568.xyz,-6.221223497807806
POSCAR_012_score_0.9546.vasp,-25338.71875,0.9307837,energy_only,1715,optimized_structures/12__012_score_0.9546.xyz,-6.2212770236824415
POSCAR_013_score_0.9331.vasp,-25338.7890625,0.9160451,energy_only,1715,optimized_structures/13__013_score_0.9331.xyz,-6.2213180222247155
POSCAR_014_score_0.9471.vasp,-25338.6875,0.8765922,energy_only,1715,optimized_structures/14__014_score_0.9471.xyz,-6.221258802108097
POSCAR_015_score_0.9158.vasp,-25338.3515625,0.91519696,energy_only,1715,optimized_structures/15__015_score_0.9158.xyz,-6.221062920183899
POSCAR_016_score_0.9600.vasp,-25339.0859375,0.91020375,energy_only,1715,optimized_structures/16__016_score_0.9600.xyz,-6.221491127180983
POSCAR_017_score_0.9655.vasp,-25338.9375,0.8843102,energy_only,1715,optimized_structures/17__017_score_0.9655.xyz,-6.2214045747028495
POSCAR_018_score_0.9849.vasp,-25339.0078125,0.8997907,energy_only,1715,optimized_structures/18__018_score_0.9849.xyz,-6.2214455732451235
POSCAR_019_score_0.8855.vasp,-25338.73046875,0.94696534,energy_only,1715,optimized_structures/19__019_score_0.8855.xyz,-6.22128385677282
POSCAR_020_score_0.9795.vasp,-25338.62109375,0.8821309,energy_only,1715,optimized_structures/20__020_score_0.9795.xyz,-6.221220081262616
POSCAR_021_score_0.9525.vasp,-25338.8125,0.92419344,energy_only,1715,optimized_structures/21__021_score_0.9525.xyz,-6.221331688405473
POSCAR_022_score_0.9687.vasp,-25338.720703125,0.9189757,energy_only,1715,optimized_structures/22__022_score_0.9687.xyz,-6.2212781625308375
POSCAR_023_score_0.9687.vasp,-25338.953125,0.9449782,energy_only,1715,optimized_structures/23__023_score_0.9687.xyz,-6.221413685490021
POSCAR_024_score_0.9579.vasp,-25339.04296875,0.92635024,energy_only,1715,optimized_structures/24__024_score_0.9579.xyz,-6.221466072516261
POSCAR_025_score_0.9590.vasp,-25338.84375,0.92748034,energy_only,1715,optimized_structures/25__025_score_0.9590.xyz,-6.221349909979818
POSCAR_026_score_0.8855.vasp,-25338.34375,0.89120686,energy_only,1715,optimized_structures/26__026_score_0.8855.xyz,-6.221058364790313
POSCAR_027_score_0.9460.vasp,-25339.25390625,0.8991127,energy_only,1715,optimized_structures/27__027_score_0.9460.xyz,-6.221589068143083
POSCAR_028_score_0.9114.vasp,-25338.455078125,0.89714015,energy_only,1715,optimized_structures/28__028_score_0.9114.xyz,-6.221123279148913
POSCAR_029_score_0.9525.vasp,-25338.76171875,0.91133344,energy_only,1715,optimized_structures/29__029_score_0.9525.xyz,-6.221302078347164
POSCAR_030_score_0.9622.vasp,-25338.681640625,0.8551326,energy_only,1715,optimized_structures/30__030_score_0.9622.xyz,-6.221255385562908
POSCAR_031_score_0.9568.vasp,-25339.013671875,0.8795613,energy_only,1715,optimized_structures/31__031_score_0.9568.xyz,-6.221448989790313
POSCAR_032_score_0.9093.vasp,-25338.75390625,0.9368716,energy_only,1715,optimized_structures/32__032_score_0.9093.xyz,-6.221297522953578
POSCAR_033_score_0.9363.vasp,-25338.88671875,0.9389669,energy_only,1715,optimized_structures/33__033_score_0.9363.xyz,-6.22137496464454
POSCAR_034_score_0.9795.vasp,-25338.92578125,0.8883046,energy_only,1715,optimized_structures/34__034_score_0.9795.xyz,-6.221397741612471
POSCAR_035_score_0.9212.vasp,-25338.734375,0.9257384,energy_only,1715,optimized_structures/35__035_score_0.9212.xyz,-6.221286134469613
POSCAR_036_score_0.9460.vasp,-25338.82421875,0.87414587,energy_only,1715,optimized_structures/36__036_score_0.9460.xyz,-6.221338521495852
POSCAR_037_score_0.9374.vasp,-25338.9921875,0.88596016,energy_only,1715,optimized_structures/37__037_score_0.9374.xyz,-6.221436462457952
POSCAR_038_score_0.9536.vasp,-25338.904296875,0.91209495,energy_only,1715,optimized_structures/38__038_score_0.9536.xyz,-6.221385214280109
POSCAR_039_score_0.9730.vasp,-25339.083984375,0.92483395,energy_only,1715,optimized_structures/39__039_score_0.9730.xyz,-6.221489988332587
POSCAR_040_score_0.9557.vasp,-25339.189453125,0.9319504,energy_only,1715,optimized_structures/40__040_score_0.9557.xyz,-6.221551486145998
POSCAR_041_score_0.9600.vasp,-25338.71484375,0.90767616,energy_only,1715,optimized_structures/41__041_score_0.9600.xyz,-6.221274745985649
POSCAR_042_score_0.9212.vasp,-25338.470703125,0.925379,energy_only,1715,optimized_structures/42__042_score_0.9212.xyz,-6.221132389936086
POSCAR_043_score_0.9698.vasp,-25338.541015625,0.9489064,energy_only,1715,optimized_structures/43__043_score_0.9698.xyz,-6.22117338847836
POSCAR_044_score_0.9190.vasp,-25339.1328125,0.8992682,energy_only,1715,optimized_structures/44__044_score_0.9190.xyz,-6.2215184595425
POSCAR_045_score_0.9428.vasp,-25338.76953125,0.91113436,energy_only,1715,optimized_structures/45__045_score_0.9428.xyz,-6.221306633740751
POSCAR_046_score_0.9665.vasp,-25338.96484375,0.9183287,energy_only,1715,optimized_structures/46__046_score_0.9665.xyz,-6.2214205185804
POSCAR_047_score_0.9471.vasp,-25338.66015625,0.8869336,energy_only,1715,optimized_structures/47__047_score_0.9471.xyz,-6.221242858230546
POSCAR_048_score_0.9493.vasp,-25338.904296875,0.94736,energy_only,1715,optimized_structures/48__048_score_0.9493.xyz,-6.221385214280109
POSCAR_049_score_0.9590.vasp,-25338.703125,0.8748059,energy_only,1715,optimized_structures/49__049_score_0.9590.xyz,-6.22126791289527
POSCAR_050_score_0.9438.vasp,-25338.69140625,0.886815,energy_only,1715,optimized_structures/50__050_score_0.9438.xyz,-6.22126107980489
POSCAR_051_score_0.9514.vasp,-25338.67578125,0.9493537,energy_only,1715,optimized_structures/51__051_score_0.9514.xyz,-6.221251969017718
POSCAR_052_score_0.9546.vasp,-25338.5234375,0.87577206,energy_only,1715,optimized_structures/52__052_score_0.9546.xyz,-6.221163138842791
POSCAR_053_score_0.9708.vasp,-25338.48046875,0.91534615,energy_only,1715,optimized_structures/53__053_score_0.9708.xyz,-6.221138084178068
POSCAR_054_score_0.9730.vasp,-25338.80078125,0.92413616,energy_only,1715,optimized_structures/54__054_score_0.9730.xyz,-6.221324855315094
POSCAR_055_score_0.9460.vasp,-25338.78515625,0.93707037,energy_only,1715,optimized_structures/55__055_score_0.9460.xyz,-6.221315744527923
POSCAR_056_score_0.9762.vasp,-25338.9453125,0.9296242,energy_only,1715,optimized_structures/56__056_score_0.9762.xyz,-6.221409130096435
POSCAR_057_score_0.9276.vasp,-25338.65625,0.95159215,energy_only,1715,optimized_structures/57__057_score_0.9276.xyz,-6.221240580533753
POSCAR_058_score_0.9201.vasp,-25338.5,0.9344208,energy_only,1715,optimized_structures/58__058_score_0.9201.xyz,-6.2211494726620336
POSCAR_059_score_0.9795.vasp,-25339.0546875,0.9056112,energy_only,1715,optimized_structures/59__059_score_0.9795.xyz,-6.22147290560664
POSCAR_060_score_0.9849.vasp,-25338.83203125,0.9007236,energy_only,1715,optimized_structures/60__060_score_0.9849.xyz,-6.221343076889439
POSCAR_061_score_0.9795.vasp,-25338.5703125,0.9388695,energy_only,1715,optimized_structures/61__061_score_0.9795.xyz,-6.221190471204308
POSCAR_062_score_0.9460.vasp,-25338.87890625,0.89985675,energy_only,1715,optimized_structures/62__062_score_0.9460.xyz,-6.221370409250954
POSCAR_063_score_0.9525.vasp,-25338.74609375,0.89248157,energy_only,1715,optimized_structures/63__063_score_0.9525.xyz,-6.221292967559992
POSCAR_064_score_0.9557.vasp,-25338.71875,0.87097794,energy_only,1715,optimized_structures/64__064_score_0.9557.xyz,-6.2212770236824415
POSCAR_065_score_0.9860.vasp,-25338.57421875,0.8893589,energy_only,1715,optimized_structures/65__065_score_0.9860.xyz,-6.2211927489011005
POSCAR_066_score_0.9385.vasp,-25339.00390625,0.9116972,energy_only,1715,optimized_structures/66__066_score_0.9385.xyz,-6.2214432955483305
POSCAR_067_score_0.9363.vasp,-25338.8203125,0.9442897,energy_only,1715,optimized_structures/67__067_score_0.9363.xyz,-6.221336243799059
POSCAR_068_score_0.9298.vasp,-25338.8671875,0.895538,energy_only,1715,optimized_structures/68__068_score_0.9298.xyz,-6.2213635761605754
POSCAR_069_score_0.9860.vasp,-25338.771484375,0.92934793,energy_only,1715,optimized_structures/69__069_score_0.9860.xyz,-6.221307772589147
POSCAR_070_score_0.9600.vasp,-25338.9375,0.9091606,energy_only,1715,optimized_structures/70__070_score_0.9600.xyz,-6.2214045747028495
POSCAR_071_score_0.9579.vasp,-25338.5625,0.91619474,energy_only,1715,optimized_structures/71__071_score_0.9579.xyz,-6.221185915810722
POSCAR_072_score_0.9579.vasp,-25338.921875,0.8749297,energy_only,1715,optimized_structures/72__072_score_0.9579.xyz,-6.221395463915678
POSCAR_073_score_0.9385.vasp,-25339.1171875,0.9162072,energy_only,1715,optimized_structures/73__073_score_0.9385.xyz,-6.221509348755328
POSCAR_074_score_0.9363.vasp,-25338.904296875,0.8744634,energy_only,1715,optimized_structures/74__074_score_0.9363.xyz,-6.221385214280109
POSCAR_075_score_0.9816.vasp,-25339.0234375,0.91521686,energy_only,1715,optimized_structures/75__075_score_0.9816.xyz,-6.221454684032295
POSCAR_076_score_0.9481.vasp,-25338.58203125,0.9204729,energy_only,1715,optimized_structures/76__076_score_0.9481.xyz,-6.221197304294686
POSCAR_077_score_0.9762.vasp,-25338.70703125,0.91997015,energy_only,1715,optimized_structures/77__077_score_0.9762.xyz,-6.221270190592063
POSCAR_078_score_0.9395.vasp,-25338.751953125,0.8901065,energy_only,1715,optimized_structures/78__078_score_0.9395.xyz,-6.221296384105182
POSCAR_079_score_0.9546.vasp,-25338.42578125,0.8969963,energy_only,1715,optimized_structures/79__079_score_0.9546.xyz,-6.221106196422967
POSCAR_080_score_0.9525.vasp,-25338.70703125,0.910102,energy_only,1715,optimized_structures/80__080_score_0.9525.xyz,-6.221270190592063
POSCAR_081_score_0.9849.vasp,-25338.7578125,0.87206036,energy_only,1715,optimized_structures/81__081_score_0.9849.xyz,-6.221299800650371
POSCAR_082_score_0.9320.vasp,-25338.59375,0.91726965,energy_only,1715,optimized_structures/82__082_score_0.9320.xyz,-6.221204137385065
POSCAR_083_score_0.9600.vasp,-25338.712890625,0.8906262,energy_only,1715,optimized_structures/83__083_score_0.9600.xyz,-6.221273607137252
POSCAR_084_score_0.9687.vasp,-25338.8515625,0.9025559,energy_only,1715,optimized_structures/84__084_score_0.9687.xyz,-6.221354465373404
POSCAR_085_score_0.9719.vasp,-25338.634765625,0.93105835,energy_only,1715,optimized_structures/85__085_score_0.9719.xyz,-6.221228053201392
POSCAR_086_score_0.9752.vasp,-25338.6640625,0.8933762,energy_only,1715,optimized_structures/86__086_score_0.9752.xyz,-6.221245135927339
POSCAR_087_score_0.9600.vasp,-25338.625,0.9030923,energy_only,1715,optimized_structures/87__087_score_0.9600.xyz,-6.221222358959409
POSCAR_088_score_0.9114.vasp,-25338.658203125,0.912135,energy_only,1715,optimized_structures/88__088_score_0.9114.xyz,-6.221241719382149
POSCAR_089_score_0.9438.vasp,-25339.1328125,0.8784048,energy_only,1715,optimized_structures/89__089_score_0.9438.xyz,-6.2215184595425
POSCAR_090_score_0.9687.vasp,-25338.7578125,0.9514181,energy_only,1715,optimized_structures/90__090_score_0.9687.xyz,-6.221299800650371
POSCAR_091_score_0.9481.vasp,-25338.44921875,0.89398134,energy_only,1715,optimized_structures/91__091_score_0.9481.xyz,-6.221119862603724
POSCAR_092_score_0.9158.vasp,-25338.9765625,0.9145358,energy_only,1715,optimized_structures/92__092_score_0.9158.xyz,-6.22142735167078
POSCAR_093_score_0.9730.vasp,-25338.74609375,0.90355176,energy_only,1715,optimized_structures/93__093_score_0.9730.xyz,-6.221292967559992
POSCAR_094_score_0.9374.vasp,-25338.8984375,0.93023497,energy_only,1715,optimized_structures/94__094_score_0.9374.xyz,-6.22138179773492
POSCAR_095_score_0.9449.vasp,-25339.1015625,0.90637463,energy_only,1715,optimized_structures/95__095_score_0.9449.xyz,-6.221500237968156
POSCAR_096_score_0.9752.vasp,-25339.12890625,0.87164664,energy_only,1715,optimized_structures/96__096_score_0.9752.xyz,-6.221516181845707
POSCAR_097_score_0.9482.vasp,-25338.828125,0.9096567,energy_only,1715,optimized_structures/97__097_score_0.9482.xyz,-6.221340799192645
POSCAR_098_score_0.9730.vasp,-25338.60546875,0.89260685,energy_only,1715,optimized_structures/98__098_score_0.9730.xyz,-6.221210970475444
POSCAR_099_score_0.9730.vasp,-25338.94921875,0.8771763,energy_only,1715,optimized_structures/99__099_score_0.9730.xyz,-6.221411407793228
POSCAR_100_score_0.9665.vasp,-25338.6328125,0.92212343,energy_only,1715,optimized_structures/100__100_score_0.9665.xyz,-6.221226914352996
