structure,energy_eV,max_force_eV_per_A,calculation_type,num_atoms,xyz_file,formation_energy_eV_per_atom
POSCAR_001_score_0.9701.vasp,-4726.7734375,0.8962542,energy_only,320,optimized_structures/1__001_score_0.9701.xyz,-6.221692538261413
POSCAR_002_score_0.9353.vasp,-4726.75634765625,0.8745726,energy_only,320,optimized_structures/2__002_score_0.9353.xyz,-6.2216391324996945
POSCAR_003_score_0.8635.vasp,-4726.87158203125,0.857734,energy_only,320,optimized_structures/3__003_score_0.8635.xyz,-6.22199923992157
POSCAR_004_score_0.8635.vasp,-4726.8515625,0.84347236,energy_only,320,optimized_structures/4__004_score_0.8635.xyz,-6.221936678886413
POSCAR_005_score_0.8733.vasp,-4726.810546875,0.8780718,energy_only,320,optimized_structures/5__005_score_0.8733.xyz,-6.221808505058289
POSCAR_006_score_0.8983.vasp,-4726.8671875,0.8655868,energy_only,320,optimized_structures/6__006_score_0.8983.xyz,-6.221985507011413
POSCAR_007_score_0.8384.vasp,-4726.86572265625,0.9040092,energy_only,320,optimized_structures/7__007_score_0.8384.xyz,-6.221980929374695
POSCAR_008_score_0.9527.vasp,-4726.73046875,0.85208595,energy_only,320,optimized_structures/8__008_score_0.9527.xyz,-6.221558260917663
POSCAR_009_score_0.8733.vasp,-4726.7412109375,0.8830734,energy_only,320,optimized_structures/9__009_score_0.8733.xyz,-6.221591830253601
POSCAR_010_score_0.8308.vasp,-4726.70068359375,0.90723354,energy_only,320,optimized_structures/10__010_score_0.8308.xyz,-6.2214651823043825
POSCAR_011_score_0.8830.vasp,-4726.69580078125,0.91586614,energy_only,320,optimized_structures/11__011_score_0.8830.xyz,-6.22144992351532
POSCAR_012_score_0.9255.vasp,-4726.7939453125,0.88558096,energy_only,320,optimized_structures/12__012_score_0.9255.xyz,-6.221756625175476
POSCAR_013_score_0.9255.vasp,-4726.8076171875,0.8554107,energy_only,320,optimized_structures/13__013_score_0.9255.xyz,-6.221799349784851
POSCAR_014_score_0.8830.vasp,-4726.74755859375,0.85306853,energy_only,320,optimized_structures/14__014_score_0.8830.xyz,-6.221611666679382
POSCAR_015_score_0.9157.vasp,-4726.8759765625,0.85317224,energy_only,320,optimized_structures/15__015_score_0.9157.xyz,-6.222012972831726
POSCAR_016_score_0.9081.vasp,-4726.8291015625,0.8580752,energy_only,320,optimized_structures/16__016_score_0.9081.xyz,-6.221866488456726
POSCAR_017_score_0.8656.vasp,-4726.6953125,0.84344554,energy_only,320,optimized_structures/17__017_score_0.8656.xyz,-6.221448397636413
POSCAR_018_score_0.8830.vasp,-4726.75146484375,0.86346626,energy_only,320,optimized_structures/18__018_score_0.8830.xyz,-6.221623873710632
POSCAR_019_score_0.9331.vasp,-4726.84765625,0.81689435,energy_only,320,optimized_structures/19__019_score_0.9331.xyz,-6.221924471855163
POSCAR_020_score_0.9777.vasp,-4726.794921875,0.90607387,energy_only,320,optimized_structures/20__020_score_0.9777.xyz,-6.221759676933289
POSCAR_021_score_0.9679.vasp,-4726.7822265625,0.87059087,energy_only,320,optimized_structures/21__021_score_0.9679.xyz,-6.221720004081726
POSCAR_022_score_0.9255.vasp,-4726.78173828125,0.8863861,energy_only,320,optimized_structures/22__022_score_0.9255.xyz,-6.22171847820282
POSCAR_023_score_0.9527.vasp,-4726.783203125,0.88871497,energy_only,320,optimized_structures/23__023_score_0.9527.xyz,-6.221723055839538
POSCAR_024_score_0.8733.vasp,-4726.919921875,0.8771897,energy_only,320,optimized_structures/24__024_score_0.8733.xyz,-6.222150301933288
POSCAR_025_score_0.9353.vasp,-4726.87060546875,0.8167006,energy_only,320,optimized_structures/25__025_score_0.9353.xyz,-6.221996188163757
POSCAR_026_score_0.8983.vasp,-4726.80078125,0.85232145,energy_only,320,optimized_structures/26__026_score_0.8983.xyz,-6.221777987480164
POSCAR_027_score_0.9331.vasp,-4726.8271484375,0.86801445,energy_only,320,optimized_structures/27__027_score_0.9331.xyz,-6.221860384941101
POSCAR_028_score_0.8558.vasp,-4726.8623046875,0.8540618,energy_only,320,optimized_structures/28__028_score_0.8558.xyz,-6.221970248222351
POSCAR_029_score_0.9081.vasp,-4727.021484375,0.8509382,energy_only,320,optimized_structures/29__029_score_0.9081.xyz,-6.222467684745789
POSCAR_030_score_0.9255.vasp,-4726.79638671875,0.84482014,energy_only,320,optimized_structures/30__030_score_0.9255.xyz,-6.221764254570007
POSCAR_031_score_0.9276.vasp,-4726.7177734375,0.9250384,energy_only,320,optimized_structures/31__031_score_0.9276.xyz,-6.221518588066101
POSCAR_032_score_0.8983.vasp,-4726.81005859375,0.8553502,energy_only,320,optimized_structures/32__032_score_0.8983.xyz,-6.221806979179382
POSCAR_033_score_0.8983.vasp,-4726.830078125,0.85283417,energy_only,320,optimized_structures/33__033_score_0.8983.xyz,-6.221869540214539
POSCAR_034_score_0.8907.vasp,-4726.7392578125,0.90588087,energy_only,320,optimized_structures/34__034_score_0.8907.xyz,-6.221585726737976
POSCAR_035_score_0.8907.vasp,-4726.82763671875,0.90480435,energy_only,320,optimized_structures/35__035_score_0.8907.xyz,-6.2218619108200075
POSCAR_036_score_0.8656.vasp,-4726.8720703125,0.9039764,energy_only,320,optimized_structures/36__036_score_0.8656.xyz,-6.222000765800476
POSCAR_037_score_0.9179.vasp,-4726.744140625,0.8900411,energy_only,320,optimized_structures/37__037_score_0.9179.xyz,-6.221600985527038
POSCAR_038_score_0.9603.vasp,-4726.7998046875,0.8819603,energy_only,320,optimized_structures/38__038_score_0.9603.xyz,-6.221774935722351
POSCAR_039_score_0.8733.vasp,-4726.814453125,0.9298134,energy_only,320,optimized_structures/39__039_score_0.8733.xyz,-6.221820712089539
POSCAR_040_score_0.9353.vasp,-4726.7431640625,0.8217135,energy_only,320,optimized_structures/40__040_score_0.9353.xyz,-6.221597933769226
POSCAR_041_score_0.8733.vasp,-4726.7802734375,0.86214674,energy_only,320,optimized_structures/41__041_score_0.8733.xyz,-6.221713900566101
POSCAR_042_score_0.8656.vasp,-4726.73974609375,0.87220234,energy_only,320,optimized_structures/42__042_score_0.8656.xyz,-6.2215872526168825
POSCAR_043_score_0.9505.vasp,-4726.8359375,0.83114904,energy_only,320,optimized_structures/43__043_score_0.9505.xyz,-6.221887850761414
POSCAR_044_score_0.9451.vasp,-4726.71728515625,0.8769235,energy_only,320,optimized_structures/44__044_score_0.9451.xyz,-6.2215170621871945
POSCAR_045_score_0.8635.vasp,-4726.93310546875,0.8641925,energy_only,320,optimized_structures/45__045_score_0.8635.xyz,-6.222191500663757
POSCAR_046_score_0.8733.vasp,-4726.7958984375,0.84883267,energy_only,320,optimized_structures/46__046_score_0.8733.xyz,-6.221762728691101
POSCAR_047_score_0.9157.vasp,-4726.8193359375,0.83892864,energy_only,320,optimized_structures/47__047_score_0.9157.xyz,-6.221835970878601
POSCAR_048_score_0.9081.vasp,-4726.876953125,0.9019989,energy_only,320,optimized_structures/48__048_score_0.9081.xyz,-6.222016024589538
POSCAR_049_score_0.9157.vasp,-4726.90380859375,0.86425525,energy_only,320,optimized_structures/49__049_score_0.9157.xyz,-6.222099947929382
POSCAR_050_score_0.9353.vasp,-4726.7548828125,0.89183843,energy_only,320,optimized_structures/50__050_score_0.9353.xyz,-6.221634554862976
POSCAR_051_score_0.8983.vasp,-4726.82861328125,0.87629807,energy_only,320,optimized_structures/51__051_score_0.8983.xyz,-6.22186496257782
POSCAR_052_score_0.9179.vasp,-4726.7294921875,0.8695453,energy_only,320,optimized_structures/52__052_score_0.9179.xyz,-6.221555209159851
POSCAR_053_score_0.8635.vasp,-4726.90380859375,0.83055335,energy_only,320,optimized_structures/53__053_score_0.8635.xyz,-6.222099947929382
POSCAR_054_score_0.9179.vasp,-4726.7275390625,0.9434878,energy_only,320,optimized_structures/54__054_score_0.9179.xyz,-6.221549105644226
POSCAR_055_score_0.9005.vasp,-4726.75927734375,0.8921092,energy_only,320,optimized_structures/55__055_score_0.9005.xyz,-6.2216482877731325
POSCAR_056_score_0.8928.vasp,-4726.65673828125,0.8583319,energy_only,320,optimized_structures/56__056_score_0.8928.xyz,-6.22132785320282
POSCAR_057_score_0.8733.vasp,-4726.8994140625,0.8842092,energy_only,320,optimized_structures/57__057_score_0.8733.xyz,-6.222086215019226
POSCAR_058_score_0.8733.vasp,-4726.90576171875,0.8551153,energy_only,320,optimized_structures/58__058_score_0.8733.xyz,-6.2221060514450075
POSCAR_059_score_0.8384.vasp,-4727.02197265625,0.85809267,energy_only,320,optimized_structures/59__059_score_0.8384.xyz,-6.222469210624695
POSCAR_060_score_0.8733.vasp,-4726.7490234375,0.89171666,energy_only,320,optimized_structures/60__060_score_0.8733.xyz,-6.221616244316101
POSCAR_061_score_0.9429.vasp,-4726.7080078125,0.89273256,energy_only,320,optimized_structures/61__061_score_0.9429.xyz,-6.221488070487976
POSCAR_062_score_0.9429.vasp,-4726.818359375,0.8523515,energy_only,320,optimized_structures/62__062_score_0.9429.xyz,-6.221832919120788
POSCAR_063_score_0.9255.vasp,-4726.8486328125,0.84736735,energy_only,320,optimized_structures/63__063_score_0.9255.xyz,-6.221927523612976
POSCAR_064_score_0.8983.vasp,-4726.875,0.883619,energy_only,320,optimized_structures/64__064_score_0.8983.xyz,-6.222009921073914
POSCAR_065_score_0.8656.vasp,-4726.787109375,0.88839114,energy_only,320,optimized_structures/65__065_score_0.8656.xyz,-6.221735262870789
POSCAR_066_score_0.7264.vasp,-4726.8359375,0.8152809,energy_only,320,optimized_structures/66__066_score_0.7264.xyz,-6.221887850761414
POSCAR_067_score_0.8830.vasp,-4726.822265625,0.85980386,energy_only,320,optimized_structures/67__067_score_0.8830.xyz,-6.221845126152038
POSCAR_068_score_0.9157.vasp,-4726.8330078125,0.8685068,energy_only,320,optimized_structures/68__068_score_0.9157.xyz,-6.221878695487976
POSCAR_069_score_0.9157.vasp,-4726.9384765625,0.87815547,energy_only,320,optimized_structures/69__069_score_0.9157.xyz,-6.222208285331726
POSCAR_070_score_0.9255.vasp,-4726.8271484375,0.9035862,energy_only,320,optimized_structures/70__070_score_0.9255.xyz,-6.221860384941101
POSCAR_071_score_0.9429.vasp,-4726.8515625,0.86508155,energy_only,320,optimized_structures/71__071_score_0.9429.xyz,-6.221936678886413
POSCAR_072_score_0.8384.vasp,-4726.841796875,0.90866673,energy_only,320,optimized_structures/72__072_score_0.8384.xyz,-6.221906161308288
POSCAR_073_score_0.9081.vasp,-4726.84130859375,0.8504542,energy_only,320,optimized_structures/73__073_score_0.9081.xyz,-6.221904635429382
POSCAR_074_score_0.9157.vasp,-4726.83203125,0.84341085,energy_only,320,optimized_structures/74__074_score_0.9157.xyz,-6.221875643730163
POSCAR_075_score_0.8461.vasp,-4726.86279296875,0.84870344,energy_only,320,optimized_structures/75__075_score_0.8461.xyz,-6.221971774101258
POSCAR_076_score_0.9255.vasp,-4726.77978515625,0.85414815,energy_only,320,optimized_structures/76__076_score_0.9255.xyz,-6.221712374687195
POSCAR_077_score_0.8733.vasp,-4726.8193359375,0.84905046,energy_only,320,optimized_structures/77__077_score_0.8733.xyz,-6.221835970878601
POSCAR_078_score_0.8036.vasp,-4726.90087890625,0.89415175,energy_only,320,optimized_structures/78__078_score_0.8036.xyz,-6.222090792655945
POSCAR_079_score_0.9331.vasp,-4726.8505859375,0.9250461,energy_only,320,optimized_structures/79__079_score_0.9331.xyz,-6.221933627128601
POSCAR_080_score_0.8406.vasp,-4726.75,0.92337614,energy_only,320,optimized_structures/80__080_score_0.8406.xyz,-6.221619296073913
POSCAR_081_score_0.9451.vasp,-4726.69677734375,0.919063,energy_only,320,optimized_structures/81__081_score_0.9451.xyz,-6.221452975273133
POSCAR_082_score_0.9331.vasp,-4726.86474609375,0.8545553,energy_only,320,optimized_structures/82__082_score_0.9331.xyz,-6.221977877616882
POSCAR_083_score_0.9179.vasp,-4726.80517578125,0.85081184,energy_only,320,optimized_structures/83__083_score_0.9179.xyz,-6.2217917203903195
POSCAR_084_score_0.8384.vasp,-4726.763671875,0.8109958,energy_only,320,optimized_structures/84__084_score_0.8384.xyz,-6.221662020683288
POSCAR_085_score_0.8809.vasp,-4726.74853515625,0.8323865,energy_only,320,optimized_structures/85__085_score_0.8809.xyz,-6.221614718437195
POSCAR_086_score_0.9157.vasp,-4726.87451171875,0.83122206,energy_only,320,optimized_structures/86__086_score_0.9157.xyz,-6.222008395195007
POSCAR_087_score_0.9603.vasp,-4726.8203125,0.86826444,energy_only,320,optimized_structures/87__087_score_0.9603.xyz,-6.221839022636414
POSCAR_088_score_0.9157.vasp,-4726.8017578125,0.85854995,energy_only,320,optimized_structures/88__088_score_0.9157.xyz,-6.221781039237976
POSCAR_089_score_0.8558.vasp,-4726.7724609375,0.8542612,energy_only,320,optimized_structures/89__089_score_0.8558.xyz,-6.221689486503601
POSCAR_090_score_0.9157.vasp,-4726.8701171875,0.89614487,energy_only,320,optimized_structures/90__090_score_0.9157.xyz,-6.221994662284851
POSCAR_091_score_0.8384.vasp,-4726.884765625,0.8634103,energy_only,320,optimized_structures/91__091_score_0.8384.xyz,-6.222040438652039
POSCAR_092_score_0.8907.vasp,-4726.79345703125,0.8346367,energy_only,320,optimized_structures/92__092_score_0.8907.xyz,-6.22175509929657
POSCAR_093_score_0.9679.vasp,-4726.8017578125,0.82202744,energy_only,320,optimized_structures/93__093_score_0.9679.xyz,-6.221781039237976
POSCAR_094_score_0.8830.vasp,-4726.66796875,0.801082,energy_only,320,optimized_structures/94__094_score_0.8830.xyz,-6.221362948417664
POSCAR_095_score_0.9353.vasp,-4726.6279296875,0.8338742,energy_only,320,optimized_structures/95__095_score_0.9353.xyz,-6.221237826347351
POSCAR_096_score_0.9353.vasp,-4726.77978515625,0.8615732,energy_only,320,optimized_structures/96__096_score_0.9353.xyz,-6.221712374687195
POSCAR_097_score_0.9157.vasp,-4726.912109375,0.855249,energy_only,320,optimized_structures/97__097_score_0.9157.xyz,-6.222125887870789
POSCAR_098_score_0.9603.vasp,-4726.74462890625,0.90320027,energy_only,320,optimized_structures/98__098_score_0.9603.xyz,-6.221602511405945
POSCAR_099_score_0.9777.vasp,-4726.8271484375,0.8455622,energy_only,320,optimized_structures/99__099_score_0.9777.xyz,-6.221860384941101
POSCAR_100_score_0.8907.vasp,-4726.75390625,0.846881,energy_only,320,optimized_structures/100__100_score_0.8907.xyz,-6.221631503105163
