structure,energy_eV,max_force_eV_per_A,calculation_type,num_atoms,xyz_file,formation_energy_eV_per_atom
POSCAR_001_score_0.9212.vasp,-15948.06640625,0.91257024,energy_only,1080,optimized_structures/1__001_score_0.9212.xyz,-6.221886673680058
POSCAR_002_score_0.9486.vasp,-15948.4482421875,0.8788317,energy_only,1080,optimized_structures/2__002_score_0.9486.xyz,-6.22224022547404
POSCAR_003_score_0.9375.vasp,-15948.33984375,0.90725887,energy_only,1080,optimized_structures/3__003_score_0.9375.xyz,-6.222139856550428
POSCAR_004_score_0.9442.vasp,-15948.462890625,0.88770235,energy_only,1080,optimized_structures/4__004_score_0.9442.xyz,-6.222253788842095
POSCAR_005_score_0.8651.vasp,-15947.833984375,0.8955523,energy_only,1080,optimized_structures/5__005_score_0.8651.xyz,-6.221671468240244
POSCAR_006_score_0.9117.vasp,-15948.1083984375,0.89163643,energy_only,1080,optimized_structures/6__006_score_0.9117.xyz,-6.221925555335151
POSCAR_007_score_0.9797.vasp,-15948.41015625,0.8884254,energy_only,1080,optimized_structures/7__007_score_0.9797.xyz,-6.222204960717095
POSCAR_008_score_0.9124.vasp,-15948.3896484375,0.88846827,energy_only,1080,optimized_structures/8__008_score_0.9124.xyz,-6.222185972001817
POSCAR_009_score_0.9598.vasp,-15948.49609375,0.8862126,energy_only,1080,optimized_structures/9__009_score_0.9598.xyz,-6.222284532476355
POSCAR_010_score_0.8910.vasp,-15947.9375,0.9788308,energy_only,1080,optimized_structures/10__010_score_0.8910.xyz,-6.221767316041169
POSCAR_011_score_0.9176.vasp,-15948.4072265625,0.9093368,energy_only,1080,optimized_structures/11__011_score_0.9176.xyz,-6.222202248043484
POSCAR_012_score_0.8866.vasp,-15948.0927734375,0.90958285,energy_only,1080,optimized_structures/12__012_score_0.8866.xyz,-6.2219110877425585
POSCAR_013_score_0.9073.vasp,-15948.4423828125,0.8922865,energy_only,1080,optimized_structures/13__013_score_0.9073.xyz,-6.2222348001268175
POSCAR_014_score_0.9745.vasp,-15948.458984375,0.8708618,energy_only,1080,optimized_structures/14__014_score_0.9745.xyz,-6.222250171943947
POSCAR_015_score_0.9626.vasp,-15948.1474609375,0.9478552,energy_only,1080,optimized_structures/15__015_score_0.9626.xyz,-6.221961724316633
POSCAR_016_score_0.9065.vasp,-15948.126953125,0.89695966,energy_only,1080,optimized_structures/16__016_score_0.9065.xyz,-6.221942735601354
POSCAR_017_score_0.9538.vasp,-15948.171875,0.9214236,energy_only,1080,optimized_structures/17__017_score_0.9538.xyz,-6.221984329930058
POSCAR_018_score_0.9287.vasp,-15948.400390625,0.8803644,energy_only,1080,optimized_structures/18__018_score_0.9287.xyz,-6.222195918471725
POSCAR_019_score_0.9168.vasp,-15948.357421875,0.882828,energy_only,1080,optimized_structures/19__019_score_0.9168.xyz,-6.2221561325920955
POSCAR_020_score_0.9538.vasp,-15948.390625,0.92836714,energy_only,1080,optimized_structures/20__020_score_0.9538.xyz,-6.222186876226354
POSCAR_021_score_0.9324.vasp,-15948.2802734375,0.9106808,energy_only,1080,optimized_structures/21__021_score_0.9324.xyz,-6.22208469885367
POSCAR_022_score_0.9427.vasp,-15948.3125,0.8864648,energy_only,1080,optimized_structures/22__022_score_0.9427.xyz,-6.222114538263392
POSCAR_023_score_0.9427.vasp,-15948.166015625,0.91707295,energy_only,1080,optimized_structures/23__023_score_0.9427.xyz,-6.221978904582836
POSCAR_024_score_0.9642.vasp,-15948.46484375,0.899532,energy_only,1080,optimized_structures/24__024_score_0.9642.xyz,-6.222255597291169
POSCAR_025_score_0.9287.vasp,-15948.4453125,0.84691006,energy_only,1080,optimized_structures/25__025_score_0.9287.xyz,-6.222237512800429
POSCAR_026_score_0.9013.vasp,-15948.201171875,0.8981902,energy_only,1080,optimized_structures/26__026_score_0.9013.xyz,-6.222011456666169
POSCAR_027_score_0.9471.vasp,-15948.17578125,0.9411821,energy_only,1080,optimized_structures/27__027_score_0.9471.xyz,-6.221987946828206
POSCAR_028_score_0.9375.vasp,-15948.2509765625,0.9130257,energy_only,1080,optimized_structures/28__028_score_0.9375.xyz,-6.222057572117558
POSCAR_029_score_0.9841.vasp,-15948.095703125,0.8976487,energy_only,1080,optimized_structures/29__029_score_0.9841.xyz,-6.22191380041617
POSCAR_030_score_0.9368.vasp,-15948.1728515625,0.8926571,energy_only,1080,optimized_structures/30__030_score_0.9368.xyz,-6.221985234154595
POSCAR_031_score_0.9893.vasp,-15948.4140625,0.87557256,energy_only,1080,optimized_structures/31__031_score_0.9893.xyz,-6.222208577615244
POSCAR_032_score_0.9212.vasp,-15948.1484375,0.9506271,energy_only,1080,optimized_structures/32__032_score_0.9212.xyz,-6.22196262854117
POSCAR_033_score_0.8925.vasp,-15948.53125,0.89303344,energy_only,1080,optimized_structures/33__033_score_0.8925.xyz,-6.222317084559688
POSCAR_034_score_0.9339.vasp,-15948.5126953125,0.94700104,energy_only,1080,optimized_structures/34__034_score_0.9339.xyz,-6.222299904293484
POSCAR_035_score_0.9280.vasp,-15948.40234375,0.85190284,energy_only,1080,optimized_structures/35__035_score_0.9280.xyz,-6.222197726920799
POSCAR_036_score_0.9324.vasp,-15948.2490234375,0.92518586,energy_only,1080,optimized_structures/36__036_score_0.9324.xyz,-6.222055763668484
POSCAR_037_score_0.9486.vasp,-15948.177734375,0.9137374,energy_only,1080,optimized_structures/37__037_score_0.9486.xyz,-6.2219897552772805
POSCAR_038_score_0.9065.vasp,-15948.1689453125,0.8862388,energy_only,1080,optimized_structures/38__038_score_0.9065.xyz,-6.221981617256447
POSCAR_039_score_0.9220.vasp,-15948.24609375,0.9010719,energy_only,1080,optimized_structures/39__039_score_0.9220.xyz,-6.222053050994873
POSCAR_040_score_0.8806.vasp,-15948.357421875,0.8990223,energy_only,1080,optimized_structures/40__040_score_0.8806.xyz,-6.2221561325920955
POSCAR_041_score_0.9678.vasp,-15948.40625,0.91607285,energy_only,1080,optimized_structures/41__041_score_0.9678.xyz,-6.222201343818947
POSCAR_042_score_0.9486.vasp,-15948.455078125,0.95131916,energy_only,1080,optimized_structures/42__042_score_0.9486.xyz,-6.222246555045799
POSCAR_043_score_0.9841.vasp,-15948.3359375,0.85887945,energy_only,1080,optimized_structures/43__043_score_0.9841.xyz,-6.22213623965228
POSCAR_044_score_0.9124.vasp,-15948.666015625,0.9063242,energy_only,1080,optimized_structures/44__044_score_0.9124.xyz,-6.222441867545799
POSCAR_045_score_0.9686.vasp,-15948.541015625,0.9413703,energy_only,1080,optimized_structures/45__045_score_0.9686.xyz,-6.222326126805058
POSCAR_046_score_0.9686.vasp,-15948.3671875,0.9221283,energy_only,1080,optimized_structures/46__046_score_0.9686.xyz,-6.222165174837466
POSCAR_047_score_0.9272.vasp,-15948.275390625,0.9114278,energy_only,1080,optimized_structures/47__047_score_0.9272.xyz,-6.222080177730984
POSCAR_048_score_0.9220.vasp,-15948.1923828125,0.9127744,energy_only,1080,optimized_structures/48__048_score_0.9220.xyz,-6.222003318645336
POSCAR_049_score_0.9590.vasp,-15948.3544921875,0.8806803,energy_only,1080,optimized_structures/49__049_score_0.9590.xyz,-6.2221534199184845
POSCAR_050_score_0.9013.vasp,-15948.169921875,0.8849656,energy_only,1080,optimized_structures/50__050_score_0.9013.xyz,-6.221982521480984
POSCAR_051_score_0.9805.vasp,-15948.1953125,0.88010615,energy_only,1080,optimized_structures/51__051_score_0.9805.xyz,-6.222006031318947
POSCAR_052_score_0.8910.vasp,-15948.3076171875,0.9457637,energy_only,1080,optimized_structures/52__052_score_0.8910.xyz,-6.222110017140706
POSCAR_053_score_0.9841.vasp,-15948.3251953125,0.88821137,energy_only,1080,optimized_structures/53__053_score_0.9841.xyz,-6.222126293182373
POSCAR_054_score_0.9634.vasp,-15948.392578125,0.9334983,energy_only,1080,optimized_structures/54__054_score_0.9634.xyz,-6.222188684675428
POSCAR_055_score_0.9693.vasp,-15948.41015625,0.8896185,energy_only,1080,optimized_structures/55__055_score_0.9693.xyz,-6.222204960717095
POSCAR_056_score_0.9228.vasp,-15948.21484375,0.8741188,energy_only,1080,optimized_structures/56__056_score_0.9228.xyz,-6.222024115809688
POSCAR_057_score_0.9235.vasp,-15948.3046875,0.9447103,energy_only,1080,optimized_structures/57__057_score_0.9235.xyz,-6.222107304467095
POSCAR_058_score_0.9176.vasp,-15948.21875,0.9204123,energy_only,1080,optimized_structures/58__058_score_0.9176.xyz,-6.222027732707836
POSCAR_059_score_0.8814.vasp,-15948.517578125,0.86908436,energy_only,1080,optimized_structures/59__059_score_0.8814.xyz,-6.222304425416169
POSCAR_060_score_0.9161.vasp,-15947.962890625,0.8897398,energy_only,1080,optimized_structures/60__060_score_0.9161.xyz,-6.221790825879133
POSCAR_061_score_0.9427.vasp,-15948.53515625,0.86919546,energy_only,1080,optimized_structures/61__061_score_0.9427.xyz,-6.222320701457836
POSCAR_062_score_0.9272.vasp,-15948.1015625,0.92320293,energy_only,1080,optimized_structures/62__062_score_0.9272.xyz,-6.221919225763392
POSCAR_063_score_0.9531.vasp,-15948.49609375,0.9302168,energy_only,1080,optimized_structures/63__063_score_0.9531.xyz,-6.222284532476355
POSCAR_064_score_0.9693.vasp,-15948.390625,0.8687648,energy_only,1080,optimized_structures/64__064_score_0.9693.xyz,-6.222186876226354
POSCAR_065_score_0.9538.vasp,-15948.4853515625,0.9098124,energy_only,1080,optimized_structures/65__065_score_0.9538.xyz,-6.2222745860064474
POSCAR_066_score_0.9427.vasp,-15948.2265625,0.8989773,energy_only,1080,optimized_structures/66__066_score_0.9427.xyz,-6.222034966504133
POSCAR_067_score_0.9523.vasp,-15948.220703125,0.9198079,energy_only,1080,optimized_structures/67__067_score_0.9523.xyz,-6.22202954115691
POSCAR_068_score_0.9789.vasp,-15948.240234375,0.8979746,energy_only,1080,optimized_structures/68__068_score_0.9789.xyz,-6.222047625647651
POSCAR_069_score_0.9523.vasp,-15948.1708984375,0.9052773,energy_only,1080,optimized_structures/69__069_score_0.9523.xyz,-6.221983425705521
POSCAR_070_score_0.9383.vasp,-15948.513671875,0.8563509,energy_only,1080,optimized_structures/70__070_score_0.9383.xyz,-6.222300808518021
POSCAR_071_score_0.9590.vasp,-15948.4306640625,0.8719729,energy_only,1080,optimized_structures/71__071_score_0.9590.xyz,-6.222223949432373
POSCAR_072_score_0.9280.vasp,-15948.21484375,0.8606877,energy_only,1080,optimized_structures/72__072_score_0.9280.xyz,-6.222024115809688
POSCAR_073_score_0.9184.vasp,-15948.6142578125,0.8880973,energy_only,1080,optimized_structures/73__073_score_0.9184.xyz,-6.222393943645336
POSCAR_074_score_0.9737.vasp,-15948.275390625,0.87441266,energy_only,1080,optimized_structures/74__074_score_0.9737.xyz,-6.222080177730984
POSCAR_075_score_0.9435.vasp,-15948.39453125,0.92447615,energy_only,1080,optimized_structures/75__075_score_0.9435.xyz,-6.2221904931245025
POSCAR_076_score_0.9789.vasp,-15948.45703125,0.91480005,energy_only,1080,optimized_structures/76__076_score_0.9789.xyz,-6.222248363494873
POSCAR_077_score_0.9531.vasp,-15948.3740234375,0.90657884,energy_only,1080,optimized_structures/77__077_score_0.9531.xyz,-6.222171504409225
POSCAR_078_score_0.9375.vasp,-15948.431640625,0.86632687,energy_only,1080,optimized_structures/78__078_score_0.9375.xyz,-6.22222485365691
POSCAR_079_score_0.9789.vasp,-15948.4482421875,0.8787696,energy_only,1080,optimized_structures/79__079_score_0.9789.xyz,-6.22224022547404
POSCAR_080_score_0.9427.vasp,-15948.2109375,0.85926247,energy_only,1080,optimized_structures/80__080_score_0.9427.xyz,-6.222020498911539
POSCAR_081_score_0.9117.vasp,-15948.1328125,0.889191,energy_only,1080,optimized_structures/81__081_score_0.9117.xyz,-6.2219481609485765
POSCAR_082_score_0.9080.vasp,-15948.61328125,0.9177434,energy_only,1080,optimized_structures/82__082_score_0.9080.xyz,-6.222393039420799
POSCAR_083_score_0.9124.vasp,-15948.5380859375,0.89544225,energy_only,1080,optimized_structures/83__083_score_0.9124.xyz,-6.222323414131447
POSCAR_084_score_0.9264.vasp,-15948.1171875,0.8817705,energy_only,1080,optimized_structures/84__084_score_0.9264.xyz,-6.221933693355984
POSCAR_085_score_0.9538.vasp,-15948.4921875,0.90494275,energy_only,1080,optimized_structures/85__085_score_0.9538.xyz,-6.222280915578207
POSCAR_086_score_0.9013.vasp,-15948.283203125,0.89078164,energy_only,1080,optimized_structures/86__086_score_0.9013.xyz,-6.222087411527281
POSCAR_087_score_0.9109.vasp,-15947.9794921875,0.90919054,energy_only,1080,optimized_structures/87__087_score_0.9109.xyz,-6.221806197696262
POSCAR_088_score_0.9471.vasp,-15948.1064453125,0.9345003,energy_only,1080,optimized_structures/88__088_score_0.9471.xyz,-6.221923746886077
POSCAR_089_score_0.9590.vasp,-15948.4296875,0.9158314,energy_only,1080,optimized_structures/89__089_score_0.9590.xyz,-6.222223045207836
POSCAR_090_score_0.9368.vasp,-15948.208984375,0.88748354,energy_only,1080,optimized_structures/90__090_score_0.9368.xyz,-6.222018690462465
POSCAR_091_score_0.9124.vasp,-15948.11328125,0.90996075,energy_only,1080,optimized_structures/91__091_score_0.9124.xyz,-6.221930076457836
POSCAR_092_score_0.9272.vasp,-15948.3310546875,0.85911524,energy_only,1080,optimized_structures/92__092_score_0.9272.xyz,-6.222131718529595
POSCAR_093_score_0.9427.vasp,-15948.2626953125,0.9056978,energy_only,1080,optimized_structures/93__093_score_0.9427.xyz,-6.2220684228120025
POSCAR_094_score_0.9228.vasp,-15948.4111328125,0.87841904,energy_only,1080,optimized_structures/94__094_score_0.9228.xyz,-6.222205864941633
POSCAR_095_score_0.9486.vasp,-15948.36328125,0.9490697,energy_only,1080,optimized_structures/95__095_score_0.9486.xyz,-6.222161557939318
POSCAR_096_score_0.9280.vasp,-15948.0869140625,0.92273486,energy_only,1080,optimized_structures/96__096_score_0.9280.xyz,-6.221905662395336
POSCAR_097_score_0.9582.vasp,-15948.17578125,0.89675677,energy_only,1080,optimized_structures/97__097_score_0.9582.xyz,-6.221987946828206
POSCAR_098_score_0.9013.vasp,-15948.21484375,0.86022586,energy_only,1080,optimized_structures/98__098_score_0.9013.xyz,-6.222024115809688
POSCAR_099_score_0.9435.vasp,-15948.431640625,0.86715627,energy_only,1080,optimized_structures/99__099_score_0.9435.xyz,-6.22222485365691
POSCAR_100_score_0.9228.vasp,-15948.212890625,0.871873,energy_only,1080,optimized_structures/100__100_score_0.9228.xyz,-6.222022307360613
