structure,energy_eV,max_force_eV_per_A,calculation_type,num_atoms,xyz_file,formation_energy_eV_per_atom
POSCAR_001_score_0.8666.vasp,-1993.601318359375,0.7904142,energy_only,135,optimized_structures/1__001_score_0.8666.xyz,-6.222575692777281
POSCAR_002_score_0.9065.vasp,-1993.5018310546875,0.8420762,energy_only,135,optimized_structures/2__002_score_0.9065.xyz,-6.221838749779595
POSCAR_003_score_0.8666.vasp,-1993.5811767578125,0.83292323,energy_only,135,optimized_structures/3__003_score_0.8666.xyz,-6.222426495728669
POSCAR_004_score_0.8651.vasp,-1993.587646484375,0.8107613,energy_only,135,optimized_structures/4__004_score_0.8651.xyz,-6.222474419629132
POSCAR_005_score_0.7624.vasp,-1993.55615234375,0.7846928,energy_only,135,optimized_structures/5__005_score_0.7624.xyz,-6.222241129698577
POSCAR_006_score_0.8237.vasp,-1993.541015625,0.8798926,energy_only,135,optimized_structures/6__006_score_0.8237.xyz,-6.222129005855984
POSCAR_007_score_0.8452.vasp,-1993.52392578125,0.86086255,energy_only,135,optimized_structures/7__007_score_0.8452.xyz,-6.222002414420799
POSCAR_008_score_0.8237.vasp,-1993.499267578125,0.8479783,energy_only,135,optimized_structures/8__008_score_0.8237.xyz,-6.221819761064317
POSCAR_009_score_0.8666.vasp,-1993.574951171875,0.8627459,energy_only,135,optimized_structures/9__009_score_0.8666.xyz,-6.22238038027728
POSCAR_010_score_0.8666.vasp,-1993.599365234375,0.86638737,energy_only,135,optimized_structures/10__010_score_0.8666.xyz,-6.222561225184688
POSCAR_011_score_0.8038.vasp,-1993.44091796875,0.8926574,energy_only,135,optimized_structures/11__011_score_0.8038.xyz,-6.221387541735614
POSCAR_012_score_0.7823.vasp,-1993.588134765625,0.8295873,energy_only,135,optimized_structures/12__012_score_0.7823.xyz,-6.2224780365272805
POSCAR_013_score_0.8666.vasp,-1993.5498046875,0.8029475,energy_only,135,optimized_structures/13__013_score_0.8666.xyz,-6.2221941100226505
POSCAR_014_score_0.8651.vasp,-1993.506591796875,0.8508479,energy_only,135,optimized_structures/14__014_score_0.8651.xyz,-6.22187401453654
POSCAR_015_score_0.8237.vasp,-1993.5626220703125,0.7925747,energy_only,135,optimized_structures/15__015_score_0.8237.xyz,-6.22228905359904
POSCAR_016_score_0.8452.vasp,-1993.61572265625,0.8793985,energy_only,135,optimized_structures/16__016_score_0.8452.xyz,-6.2226823912726505
POSCAR_017_score_0.8038.vasp,-1993.570556640625,0.8761922,energy_only,135,optimized_structures/17__017_score_0.8038.xyz,-6.222347828193947
POSCAR_018_score_0.8866.vasp,-1993.636962890625,0.85479593,energy_only,135,optimized_structures/18__018_score_0.8866.xyz,-6.222839726342095
POSCAR_019_score_0.8452.vasp,-1993.5421142578125,0.791694,energy_only,135,optimized_structures/19__019_score_0.8452.xyz,-6.222137143876817
POSCAR_020_score_0.8237.vasp,-1993.45703125,0.8274304,energy_only,135,optimized_structures/20__020_score_0.8237.xyz,-6.221506899374503
POSCAR_021_score_0.8023.vasp,-1993.4990234375,0.934704,energy_only,135,optimized_structures/21__021_score_0.8023.xyz,-6.221817952615243
POSCAR_022_score_0.9065.vasp,-1993.492919921875,0.8337633,energy_only,135,optimized_structures/22__022_score_0.9065.xyz,-6.221772741388391
POSCAR_023_score_0.7624.vasp,-1993.49755859375,0.8437711,energy_only,135,optimized_structures/23__023_score_0.7624.xyz,-6.221807101920799
POSCAR_024_score_0.8452.vasp,-1993.58349609375,0.90651625,energy_only,135,optimized_structures/24__024_score_0.8452.xyz,-6.222443675994873
POSCAR_025_score_0.7823.vasp,-1993.44140625,0.89784604,energy_only,135,optimized_structures/25__025_score_0.7823.xyz,-6.221391158633762
POSCAR_026_score_0.8452.vasp,-1993.536376953125,0.83102536,energy_only,135,optimized_structures/26__026_score_0.8452.xyz,-6.222094645323577
POSCAR_027_score_0.8452.vasp,-1993.5845947265625,0.78330725,energy_only,135,optimized_structures/27__027_score_0.8452.xyz,-6.222451814015707
POSCAR_028_score_0.8452.vasp,-1993.614013671875,0.8187802,energy_only,135,optimized_structures/28__028_score_0.8452.xyz,-6.222669732129132
POSCAR_029_score_0.8237.vasp,-1993.45263671875,0.85339314,energy_only,135,optimized_structures/29__029_score_0.8237.xyz,-6.22147434729117
POSCAR_030_score_0.7624.vasp,-1993.610107421875,0.7997524,energy_only,135,optimized_structures/30__030_score_0.7624.xyz,-6.2226407969439474
POSCAR_031_score_0.8866.vasp,-1993.59765625,0.83766544,energy_only,135,optimized_structures/31__031_score_0.8866.xyz,-6.222548566041169
POSCAR_032_score_0.8666.vasp,-1993.61474609375,0.84777004,energy_only,135,optimized_structures/32__032_score_0.8666.xyz,-6.222675157476354
POSCAR_033_score_0.8237.vasp,-1993.4871826171875,0.92235863,energy_only,135,optimized_structures/33__033_score_0.8237.xyz,-6.221730242835151
POSCAR_034_score_0.8452.vasp,-1993.52197265625,0.8247196,energy_only,135,optimized_structures/34__034_score_0.8452.xyz,-6.221987946828206
POSCAR_035_score_0.8237.vasp,-1993.47412109375,0.8378711,energy_only,135,optimized_structures/35__035_score_0.8237.xyz,-6.221633490809688
POSCAR_036_score_0.7624.vasp,-1993.5513916015625,0.7927997,energy_only,135,optimized_structures/36__036_score_0.7624.xyz,-6.222205864941633
POSCAR_037_score_0.8866.vasp,-1993.54833984375,0.8500235,energy_only,135,optimized_structures/37__037_score_0.8866.xyz,-6.222183259328206
POSCAR_038_score_0.8237.vasp,-1993.60546875,0.8263354,energy_only,135,optimized_structures/38__038_score_0.8237.xyz,-6.22260643641154
POSCAR_039_score_0.8866.vasp,-1993.6304931640625,0.8499554,energy_only,135,optimized_structures/39__039_score_0.8866.xyz,-6.222791802441632
POSCAR_040_score_0.8452.vasp,-1993.556640625,0.8041112,energy_only,135,optimized_structures/40__040_score_0.8452.xyz,-6.222244746596725
POSCAR_041_score_0.8651.vasp,-1993.522705078125,0.90070766,energy_only,135,optimized_structures/41__041_score_0.8651.xyz,-6.221993372175429
POSCAR_042_score_0.8666.vasp,-1993.61669921875,0.79929566,energy_only,135,optimized_structures/42__042_score_0.8666.xyz,-6.222689625068947
POSCAR_043_score_0.5340.vasp,-1993.4112548828125,0.8928641,energy_only,135,optimized_structures/43__043_score_0.5340.xyz,-6.221167815173113
POSCAR_044_score_0.9280.vasp,-1993.597900390625,0.8477868,energy_only,135,optimized_structures/44__044_score_0.9280.xyz,-6.222550374490243
POSCAR_045_score_0.8666.vasp,-1993.558837890625,0.80121875,energy_only,135,optimized_structures/45__045_score_0.8666.xyz,-6.222261022638391
POSCAR_046_score_0.8237.vasp,-1993.4683837890625,0.8485784,energy_only,135,optimized_structures/46__046_score_0.8237.xyz,-6.221590992256447
POSCAR_047_score_0.9280.vasp,-1993.490478515625,0.9051407,energy_only,135,optimized_structures/47__047_score_0.9280.xyz,-6.221754656897651
POSCAR_048_score_0.6168.vasp,-1993.3851318359375,0.8868625,energy_only,135,optimized_structures/48__048_score_0.6168.xyz,-6.220974311122188
POSCAR_049_score_0.5968.vasp,-1993.439453125,0.8663644,energy_only,135,optimized_structures/49__049_score_0.5968.xyz,-6.221376691041169
POSCAR_050_score_0.9065.vasp,-1993.4959716796875,0.79727453,energy_only,135,optimized_structures/50__050_score_0.9065.xyz,-6.221795347001818
POSCAR_051_score_0.7409.vasp,-1993.57666015625,0.84069204,energy_only,135,optimized_structures/51__051_score_0.7409.xyz,-6.222393039420799
POSCAR_052_score_0.8666.vasp,-1993.595947265625,0.8298589,energy_only,135,optimized_structures/52__052_score_0.8666.xyz,-6.222535906897651
POSCAR_053_score_0.8237.vasp,-1993.481689453125,0.8117577,energy_only,135,optimized_structures/53__053_score_0.8237.xyz,-6.221689552730984
POSCAR_054_score_0.8452.vasp,-1993.638427734375,0.7814057,energy_only,135,optimized_structures/54__054_score_0.8452.xyz,-6.22285057703654
POSCAR_055_score_0.7409.vasp,-1993.518310546875,0.7784201,energy_only,135,optimized_structures/55__055_score_0.7409.xyz,-6.221960820092095
POSCAR_056_score_0.6796.vasp,-1993.530029296875,0.78865415,energy_only,135,optimized_structures/56__056_score_0.6796.xyz,-6.222047625647651
POSCAR_057_score_0.7624.vasp,-1993.595703125,0.85896033,energy_only,135,optimized_structures/57__057_score_0.7624.xyz,-6.222534098448577
POSCAR_058_score_0.8850.vasp,-1993.409423828125,0.8271256,energy_only,135,optimized_structures/58__058_score_0.8850.xyz,-6.221154251805058
POSCAR_059_score_0.8452.vasp,-1993.636474609375,0.81821823,energy_only,135,optimized_structures/59__059_score_0.8452.xyz,-6.222836109443947
POSCAR_060_score_0.8666.vasp,-1993.5498046875,0.8237421,energy_only,135,optimized_structures/60__060_score_0.8666.xyz,-6.2221941100226505
POSCAR_061_score_0.7624.vasp,-1993.57373046875,0.84714574,energy_only,135,optimized_structures/61__061_score_0.7624.xyz,-6.22237133803191
POSCAR_062_score_0.7839.vasp,-1993.59716796875,0.818331,energy_only,135,optimized_structures/62__062_score_0.7839.xyz,-6.222544949143021
POSCAR_063_score_0.8237.vasp,-1993.515380859375,0.8822411,energy_only,135,optimized_structures/63__063_score_0.8237.xyz,-6.221939118703206
POSCAR_064_score_0.9280.vasp,-1993.497802734375,0.8948408,energy_only,135,optimized_structures/64__064_score_0.9280.xyz,-6.221808910369873
POSCAR_065_score_0.8452.vasp,-1993.6064453125,0.86719835,energy_only,135,optimized_structures/65__065_score_0.8452.xyz,-6.222613670207836
POSCAR_066_score_0.8452.vasp,-1993.55712890625,0.8752014,energy_only,135,optimized_structures/66__066_score_0.8452.xyz,-6.222248363494873
POSCAR_067_score_0.9065.vasp,-1993.515380859375,0.83250403,energy_only,135,optimized_structures/67__067_score_0.9065.xyz,-6.221939118703206
POSCAR_068_score_0.7823.vasp,-1993.56494140625,0.81923175,energy_only,135,optimized_structures/68__068_score_0.7823.xyz,-6.222306233865243
POSCAR_069_score_0.8866.vasp,-1993.5699462890625,0.785688,energy_only,135,optimized_structures/69__069_score_0.8866.xyz,-6.222343307071262
POSCAR_070_score_0.9065.vasp,-1993.48193359375,0.936415,energy_only,135,optimized_structures/70__070_score_0.9065.xyz,-6.221691361180058
POSCAR_071_score_0.8038.vasp,-1993.5316162109375,0.8626638,energy_only,135,optimized_structures/71__071_score_0.8038.xyz,-6.222059380566632
POSCAR_072_score_0.7624.vasp,-1993.59326171875,0.85267043,energy_only,135,optimized_structures/72__072_score_0.7624.xyz,-6.222516013957836
POSCAR_073_score_0.5340.vasp,-1993.6279296875,0.7866038,energy_only,135,optimized_structures/73__073_score_0.5340.xyz,-6.222772813726355
POSCAR_074_score_0.8666.vasp,-1993.537353515625,0.8045433,energy_only,135,optimized_structures/74__074_score_0.8666.xyz,-6.222101879119873
POSCAR_075_score_0.7624.vasp,-1993.6552734375,0.8119002,energy_only,135,optimized_structures/75__075_score_0.7624.xyz,-6.222975360022651
POSCAR_076_score_0.8023.vasp,-1993.5009765625,0.87502867,energy_only,135,optimized_structures/76__076_score_0.8023.xyz,-6.221832420207836
POSCAR_077_score_0.7210.vasp,-1993.5792236328125,0.85206413,energy_only,135,optimized_structures/77__077_score_0.7210.xyz,-6.222412028136077
POSCAR_078_score_0.7624.vasp,-1993.5235595703125,0.88509285,energy_only,135,optimized_structures/78__078_score_0.7624.xyz,-6.221999701747188
POSCAR_079_score_0.8252.vasp,-1993.538330078125,0.8407968,energy_only,135,optimized_structures/79__079_score_0.8252.xyz,-6.222109112916169
POSCAR_080_score_0.7409.vasp,-1993.543212890625,0.82423913,energy_only,135,optimized_structures/80__080_score_0.7409.xyz,-6.222145281897651
POSCAR_081_score_0.8237.vasp,-1993.541015625,0.8814224,energy_only,135,optimized_structures/81__081_score_0.8237.xyz,-6.222129005855984
POSCAR_082_score_0.9280.vasp,-1993.602783203125,0.8492973,energy_only,135,optimized_structures/82__082_score_0.9280.xyz,-6.222586543471725
POSCAR_083_score_0.8252.vasp,-1993.589111328125,0.851874,energy_only,135,optimized_structures/83__083_score_0.8252.xyz,-6.222485270323577
POSCAR_084_score_0.8666.vasp,-1993.6590576171875,0.83906794,energy_only,135,optimized_structures/84__084_score_0.8666.xyz,-6.223003390983299
POSCAR_085_score_0.8651.vasp,-1993.4215087890625,0.8915495,energy_only,135,optimized_structures/85__085_score_0.8651.xyz,-6.221243770034225
POSCAR_086_score_0.9280.vasp,-1993.6005859375,0.8168065,energy_only,135,optimized_structures/86__086_score_0.9280.xyz,-6.222570267430058
POSCAR_087_score_0.8866.vasp,-1993.589111328125,0.8158453,energy_only,135,optimized_structures/87__087_score_0.8866.xyz,-6.222485270323577
POSCAR_088_score_0.8237.vasp,-1993.4552001953125,0.83860207,energy_only,135,optimized_structures/88__088_score_0.8237.xyz,-6.221493336006447
POSCAR_089_score_0.8452.vasp,-1993.582275390625,0.8893998,energy_only,135,optimized_structures/89__089_score_0.8452.xyz,-6.2224346337495025
POSCAR_090_score_0.8666.vasp,-1993.599609375,0.8241081,energy_only,135,optimized_structures/90__090_score_0.8666.xyz,-6.222563033633762
POSCAR_091_score_0.8452.vasp,-1993.616455078125,0.8246356,energy_only,135,optimized_structures/91__091_score_0.8452.xyz,-6.222687816619873
POSCAR_092_score_0.8866.vasp,-1993.516845703125,0.8587629,energy_only,135,optimized_structures/92__092_score_0.8866.xyz,-6.2219499693976505
POSCAR_093_score_0.7409.vasp,-1993.591552734375,0.8260811,energy_only,135,optimized_structures/93__093_score_0.7409.xyz,-6.222503354814317
POSCAR_094_score_0.8038.vasp,-1993.58056640625,0.8149117,energy_only,135,optimized_structures/94__094_score_0.8038.xyz,-6.222421974605984
POSCAR_095_score_0.8866.vasp,-1993.550048828125,0.85348284,energy_only,135,optimized_structures/95__095_score_0.8866.xyz,-6.222195918471725
POSCAR_096_score_0.8452.vasp,-1993.58349609375,0.7929922,energy_only,135,optimized_structures/96__096_score_0.8452.xyz,-6.222443675994873
POSCAR_097_score_0.8452.vasp,-1993.63720703125,0.8039171,energy_only,135,optimized_structures/97__097_score_0.8452.xyz,-6.222841534791169
POSCAR_098_score_0.8038.vasp,-1993.570556640625,0.887679,energy_only,135,optimized_structures/98__098_score_0.8038.xyz,-6.222347828193947
POSCAR_099_score_0.7409.vasp,-1993.43212890625,0.8719917,energy_only,135,optimized_structures/99__099_score_0.7409.xyz,-6.221322437568947
POSCAR_100_score_0.9280.vasp,-1993.4921875,0.85421485,energy_only,135,optimized_structures/100__100_score_0.9280.xyz,-6.221767316041169
