structure,energy_eV,max_force_eV_per_A,calculation_type,num_atoms,xyz_file,formation_energy_eV_per_atom
POSCAR_001_score_0.9527.vasp,-9227.90625,0.8600397,energy_only,625,optimized_structures/1__001_score_0.9527.xyz,-6.222180602264404
POSCAR_002_score_0.9489.vasp,-9227.9287109375,0.85773575,energy_only,625,optimized_structures/2__002_score_0.9489.xyz,-6.222216539764404
POSCAR_003_score_0.9292.vasp,-9227.974609375,0.90719265,energy_only,625,optimized_structures/3__003_score_0.9292.xyz,-6.2222899772644045
POSCAR_004_score_0.9096.vasp,-9227.98828125,0.9107067,energy_only,625,optimized_structures/4__004_score_0.9096.xyz,-6.222311852264404
POSCAR_005_score_0.9633.vasp,-9227.919921875,0.8962464,energy_only,625,optimized_structures/5__005_score_0.9633.xyz,-6.222202477264404
POSCAR_006_score_0.9041.vasp,-9228.1435546875,0.87598246,energy_only,625,optimized_structures/6__006_score_0.9041.xyz,-6.222560289764404
POSCAR_007_score_0.9130.vasp,-9228.0458984375,0.8569675,energy_only,625,optimized_structures/7__007_score_0.9130.xyz,-6.222404039764404
POSCAR_008_score_0.9471.vasp,-9228.041015625,0.8518266,energy_only,625,optimized_structures/8__008_score_0.9471.xyz,-6.2223962272644044
POSCAR_009_score_0.8917.vasp,-9228.015625,0.86077887,energy_only,625,optimized_structures/9__009_score_0.8917.xyz,-6.222355602264404
POSCAR_010_score_0.9292.vasp,-9228.0986328125,0.8693097,energy_only,625,optimized_structures/10__010_score_0.9292.xyz,-6.222488414764404
POSCAR_011_score_0.9544.vasp,-9228.0771484375,0.8580427,energy_only,625,optimized_structures/11__011_score_0.9544.xyz,-6.222454039764404
POSCAR_012_score_0.8845.vasp,-9227.994140625,0.885566,energy_only,625,optimized_structures/12__012_score_0.8845.xyz,-6.222321227264405
POSCAR_013_score_0.9203.vasp,-9227.947265625,0.8468308,energy_only,625,optimized_structures/13__013_score_0.9203.xyz,-6.222246227264404
POSCAR_014_score_0.9650.vasp,-9228.1328125,0.8921963,energy_only,625,optimized_structures/14__014_score_0.9650.xyz,-6.222543102264404
POSCAR_015_score_0.9113.vasp,-9228.0341796875,0.8827023,energy_only,625,optimized_structures/15__015_score_0.9113.xyz,-6.2223852897644045
POSCAR_016_score_0.9096.vasp,-9227.8466796875,0.8729344,energy_only,625,optimized_structures/16__016_score_0.9096.xyz,-6.222085289764404
POSCAR_017_score_0.9292.vasp,-9227.939453125,0.8761305,energy_only,625,optimized_structures/17__017_score_0.9292.xyz,-6.222233727264404
POSCAR_018_score_0.9203.vasp,-9228.05859375,0.8966717,energy_only,625,optimized_structures/18__018_score_0.9203.xyz,-6.2224243522644045
POSCAR_019_score_0.9544.vasp,-9228.126953125,0.89327097,energy_only,625,optimized_structures/19__019_score_0.9544.xyz,-6.222533727264405
POSCAR_020_score_0.8845.vasp,-9228.041015625,0.838273,energy_only,625,optimized_structures/20__020_score_0.8845.xyz,-6.2223962272644044
POSCAR_021_score_0.9365.vasp,-9228.0751953125,0.8792208,energy_only,625,optimized_structures/21__021_score_0.9365.xyz,-6.222450914764404
POSCAR_022_score_0.9113.vasp,-9227.9580078125,0.85314226,energy_only,625,optimized_structures/22__022_score_0.9113.xyz,-6.222263414764404
POSCAR_023_score_0.8307.vasp,-9228.12890625,0.9096007,energy_only,625,optimized_structures/23__023_score_0.8307.xyz,-6.222536852264405
POSCAR_024_score_0.9795.vasp,-9227.791015625,0.90459746,energy_only,625,optimized_structures/24__024_score_0.9795.xyz,-6.2219962272644045
POSCAR_025_score_0.9096.vasp,-9228.0029296875,0.8579569,energy_only,625,optimized_structures/25__025_score_0.9096.xyz,-6.222335289764405
POSCAR_026_score_0.8559.vasp,-9227.92578125,0.87687135,energy_only,625,optimized_structures/26__026_score_0.8559.xyz,-6.2222118522644045
POSCAR_027_score_0.9706.vasp,-9227.908203125,0.92010605,energy_only,625,optimized_structures/27__027_score_0.9706.xyz,-6.2221837272644045
POSCAR_028_score_0.9292.vasp,-9228.2001953125,0.8509615,energy_only,625,optimized_structures/28__028_score_0.9292.xyz,-6.2226509147644045
POSCAR_029_score_0.8934.vasp,-9227.97265625,0.89417577,energy_only,625,optimized_structures/29__029_score_0.8934.xyz,-6.222286852264404
POSCAR_030_score_0.8934.vasp,-9227.947265625,0.8954185,energy_only,625,optimized_structures/30__030_score_0.8934.xyz,-6.222246227264404
POSCAR_031_score_0.9006.vasp,-9228.001953125,0.8949847,energy_only,625,optimized_structures/31__031_score_0.9006.xyz,-6.222333727264404
POSCAR_032_score_0.8559.vasp,-9227.7841796875,0.8603722,energy_only,625,optimized_structures/32__032_score_0.8559.xyz,-6.221985289764405
POSCAR_033_score_0.9096.vasp,-9228.1005859375,0.8720351,energy_only,625,optimized_structures/33__033_score_0.9096.xyz,-6.2224915397644045
POSCAR_034_score_0.9113.vasp,-9228.033203125,0.87016714,energy_only,625,optimized_structures/34__034_score_0.9113.xyz,-6.222383727264404
POSCAR_035_score_0.9650.vasp,-9228.11328125,0.8714158,energy_only,625,optimized_structures/35__035_score_0.9650.xyz,-6.222511852264405
POSCAR_036_score_0.8951.vasp,-9228.119140625,0.8585436,energy_only,625,optimized_structures/36__036_score_0.8951.xyz,-6.222521227264404
POSCAR_037_score_0.9096.vasp,-9227.888671875,0.8866544,energy_only,625,optimized_structures/37__037_score_0.9096.xyz,-6.222152477264404
POSCAR_038_score_0.9096.vasp,-9227.9873046875,0.8913184,energy_only,625,optimized_structures/38__038_score_0.9096.xyz,-6.222310289764405
POSCAR_039_score_0.9544.vasp,-9227.9775390625,0.90374565,energy_only,625,optimized_structures/39__039_score_0.9544.xyz,-6.222294664764404
POSCAR_040_score_0.9186.vasp,-9228.00390625,0.9408194,energy_only,625,optimized_structures/40__040_score_0.9186.xyz,-6.222336852264404
POSCAR_041_score_0.9382.vasp,-9228.0419921875,0.87771827,energy_only,625,optimized_structures/41__041_score_0.9382.xyz,-6.222397789764404
POSCAR_042_score_0.9471.vasp,-9227.9970703125,0.8870161,energy_only,625,optimized_structures/42__042_score_0.9471.xyz,-6.222325914764404
POSCAR_043_score_0.9578.vasp,-9227.9140625,0.87745166,energy_only,625,optimized_structures/43__043_score_0.9578.xyz,-6.222193102264404
POSCAR_044_score_0.8862.vasp,-9228.1181640625,0.87849635,energy_only,625,optimized_structures/44__044_score_0.8862.xyz,-6.2225196647644045
POSCAR_045_score_0.9186.vasp,-9227.8173828125,0.8707633,energy_only,625,optimized_structures/45__045_score_0.9186.xyz,-6.222038414764405
POSCAR_046_score_0.9830.vasp,-9227.9296875,0.87726825,energy_only,625,optimized_structures/46__046_score_0.9830.xyz,-6.222218102264404
POSCAR_047_score_0.9454.vasp,-9227.9296875,0.92167896,energy_only,625,optimized_structures/47__047_score_0.9454.xyz,-6.222218102264404
POSCAR_048_score_0.9203.vasp,-9228.17578125,0.91657203,energy_only,625,optimized_structures/48__048_score_0.9203.xyz,-6.2226118522644045
POSCAR_049_score_0.9471.vasp,-9227.9150390625,0.8790721,energy_only,625,optimized_structures/49__049_score_0.9471.xyz,-6.222194664764404
POSCAR_050_score_0.8845.vasp,-9228.06640625,0.86679107,energy_only,625,optimized_structures/50__050_score_0.8845.xyz,-6.222436852264404
POSCAR_051_score_0.8665.vasp,-9228.22265625,0.8503721,energy_only,625,optimized_structures/51__051_score_0.8665.xyz,-6.222686852264404
POSCAR_052_score_0.9024.vasp,-9227.890625,0.88443494,energy_only,625,optimized_structures/52__052_score_0.9024.xyz,-6.2221556022644045
POSCAR_053_score_0.8862.vasp,-9228.1640625,0.89838594,energy_only,625,optimized_structures/53__053_score_0.8862.xyz,-6.222593102264404
POSCAR_054_score_0.9275.vasp,-9228.037109375,0.90852106,energy_only,625,optimized_structures/54__054_score_0.9275.xyz,-6.222389977264404
POSCAR_055_score_0.9740.vasp,-9228.08984375,0.8760087,energy_only,625,optimized_structures/55__055_score_0.9740.xyz,-6.222474352264404
POSCAR_056_score_0.9616.vasp,-9227.8232421875,0.9139271,energy_only,625,optimized_structures/56__056_score_0.9616.xyz,-6.222047789764404
POSCAR_057_score_0.9544.vasp,-9228.1337890625,0.8738326,energy_only,625,optimized_structures/57__057_score_0.9544.xyz,-6.2225446647644045
POSCAR_058_score_0.9454.vasp,-9227.962890625,0.87831026,energy_only,625,optimized_structures/58__058_score_0.9454.xyz,-6.222271227264405
POSCAR_059_score_0.8917.vasp,-9227.755859375,0.8700987,energy_only,625,optimized_structures/59__059_score_0.8917.xyz,-6.221939977264404
POSCAR_060_score_0.9186.vasp,-9227.8232421875,0.90541226,energy_only,625,optimized_structures/60__060_score_0.9186.xyz,-6.222047789764404
POSCAR_061_score_0.9203.vasp,-9228.0244140625,0.86298054,energy_only,625,optimized_structures/61__061_score_0.9203.xyz,-6.222369664764404
POSCAR_062_score_0.9616.vasp,-9227.91796875,0.9310758,energy_only,625,optimized_structures/62__062_score_0.9616.xyz,-6.222199352264404
POSCAR_063_score_0.9275.vasp,-9227.890625,0.86781657,energy_only,625,optimized_structures/63__063_score_0.9275.xyz,-6.2221556022644045
POSCAR_064_score_0.9382.vasp,-9228.0087890625,0.83902705,energy_only,625,optimized_structures/64__064_score_0.9382.xyz,-6.222344664764404
POSCAR_065_score_0.9382.vasp,-9228.0888671875,0.87483376,energy_only,625,optimized_structures/65__065_score_0.9382.xyz,-6.222472789764404
POSCAR_066_score_0.9382.vasp,-9227.9853515625,0.86981714,energy_only,625,optimized_structures/66__066_score_0.9382.xyz,-6.222307164764405
POSCAR_067_score_0.8845.vasp,-9228.2578125,0.87336165,energy_only,625,optimized_structures/67__067_score_0.8845.xyz,-6.222743102264404
POSCAR_068_score_0.8755.vasp,-9228.037109375,0.8770935,energy_only,625,optimized_structures/68__068_score_0.8755.xyz,-6.222389977264404
POSCAR_069_score_0.9561.vasp,-9228.0537109375,0.8821609,energy_only,625,optimized_structures/69__069_score_0.9561.xyz,-6.222416539764405
POSCAR_070_score_0.9437.vasp,-9228.0224609375,0.86196804,energy_only,625,optimized_structures/70__070_score_0.9437.xyz,-6.222366539764404
POSCAR_071_score_0.9616.vasp,-9227.8251953125,0.87205195,energy_only,625,optimized_structures/71__071_score_0.9616.xyz,-6.222050914764404
POSCAR_072_score_0.8665.vasp,-9228.05078125,0.8654549,energy_only,625,optimized_structures/72__072_score_0.8665.xyz,-6.222411852264404
POSCAR_073_score_0.8452.vasp,-9227.69140625,0.9583014,energy_only,625,optimized_structures/73__073_score_0.8452.xyz,-6.2218368522644045
POSCAR_074_score_0.9399.vasp,-9228.0283203125,0.87553,energy_only,625,optimized_structures/74__074_score_0.9399.xyz,-6.222375914764404
POSCAR_075_score_0.9616.vasp,-9227.8603515625,0.8637316,energy_only,625,optimized_structures/75__075_score_0.9616.xyz,-6.222107164764404
POSCAR_076_score_0.8862.vasp,-9228.279296875,0.8561355,energy_only,625,optimized_structures/76__076_score_0.8862.xyz,-6.222777477264405
POSCAR_077_score_0.9365.vasp,-9227.9140625,0.8831861,energy_only,625,optimized_structures/77__077_score_0.9365.xyz,-6.222193102264404
POSCAR_078_score_0.9471.vasp,-9228.08203125,0.8690801,energy_only,625,optimized_structures/78__078_score_0.9471.xyz,-6.222461852264404
POSCAR_079_score_0.9437.vasp,-9227.96484375,0.85817957,energy_only,625,optimized_structures/79__079_score_0.9437.xyz,-6.222274352264404
POSCAR_080_score_0.9186.vasp,-9228.138671875,0.8487641,energy_only,625,optimized_structures/80__080_score_0.9186.xyz,-6.222552477264404
POSCAR_081_score_0.9096.vasp,-9227.798828125,0.87053674,energy_only,625,optimized_structures/81__081_score_0.9096.xyz,-6.222008727264404
POSCAR_082_score_0.9006.vasp,-9227.8642578125,0.96168023,energy_only,625,optimized_structures/82__082_score_0.9006.xyz,-6.222113414764404
POSCAR_083_score_0.8951.vasp,-9228.2216796875,0.86108255,energy_only,625,optimized_structures/83__083_score_0.8951.xyz,-6.222685289764405
POSCAR_084_score_0.8917.vasp,-9228.0009765625,0.9174409,energy_only,625,optimized_structures/84__084_score_0.8917.xyz,-6.2223321647644045
POSCAR_085_score_0.9544.vasp,-9228.0205078125,0.8746839,energy_only,625,optimized_structures/85__085_score_0.9544.xyz,-6.222363414764405
POSCAR_086_score_0.7932.vasp,-9227.76171875,0.9304668,energy_only,625,optimized_structures/86__086_score_0.7932.xyz,-6.221949352264405
POSCAR_087_score_0.9292.vasp,-9228.00390625,0.8957467,energy_only,625,optimized_structures/87__087_score_0.9292.xyz,-6.222336852264404
POSCAR_088_score_0.9096.vasp,-9228.103515625,0.8651181,energy_only,625,optimized_structures/88__088_score_0.9096.xyz,-6.222496227264404
POSCAR_089_score_0.9203.vasp,-9227.9228515625,0.8913557,energy_only,625,optimized_structures/89__089_score_0.9203.xyz,-6.222207164764404
POSCAR_090_score_0.9795.vasp,-9227.94921875,0.90648425,energy_only,625,optimized_structures/90__090_score_0.9795.xyz,-6.222249352264404
POSCAR_091_score_0.9203.vasp,-9227.978515625,0.9190942,energy_only,625,optimized_structures/91__091_score_0.9203.xyz,-6.222296227264405
POSCAR_092_score_0.8755.vasp,-9228.0966796875,0.8344993,energy_only,625,optimized_structures/92__092_score_0.8755.xyz,-6.222485289764404
POSCAR_093_score_0.9203.vasp,-9227.978515625,0.8768636,energy_only,625,optimized_structures/93__093_score_0.9203.xyz,-6.222296227264405
POSCAR_094_score_0.9203.vasp,-9227.94921875,0.88756955,energy_only,625,optimized_structures/94__094_score_0.9203.xyz,-6.222249352264404
POSCAR_095_score_0.9382.vasp,-9227.9990234375,0.9030741,energy_only,625,optimized_structures/95__095_score_0.9382.xyz,-6.222329039764404
POSCAR_096_score_0.8845.vasp,-9227.8505859375,0.9102976,energy_only,625,optimized_structures/96__096_score_0.8845.xyz,-6.2220915397644045
POSCAR_097_score_0.8755.vasp,-9227.84765625,0.8739195,energy_only,625,optimized_structures/97__097_score_0.8755.xyz,-6.222086852264404
POSCAR_098_score_0.9454.vasp,-9227.8876953125,0.870407,energy_only,625,optimized_structures/98__098_score_0.9454.xyz,-6.222150914764405
POSCAR_099_score_0.9258.vasp,-9227.888671875,0.9469678,energy_only,625,optimized_structures/99__099_score_0.9258.xyz,-6.222152477264404
POSCAR_100_score_0.8827.vasp,-9227.861328125,0.8848253,energy_only,625,optimized_structures/100__100_score_0.8827.xyz,-6.222108727264405
