structure,energy_eV,max_force_eV_per_A,calculation_type,num_atoms,xyz_file,formation_energy_eV_per_atom
POSCAR_001_score_0.9505.vasp,-37813.84375,0.9506414,energy_only,2560,optimized_structures/1__001_score_0.9505.xyz,-6.221558260917663
POSCAR_002_score_0.9570.vasp,-37814.25,0.9348763,energy_only,2560,optimized_structures/2__002_score_0.9570.xyz,-6.221716952323914
POSCAR_003_score_0.9810.vasp,-37814.2109375,0.91584665,energy_only,2560,optimized_structures/3__003_score_0.9810.xyz,-6.221701693534851
POSCAR_004_score_0.9875.vasp,-37814.0546875,0.93867284,energy_only,2560,optimized_structures/4__004_score_0.9875.xyz,-6.221640658378601
POSCAR_005_score_0.9646.vasp,-37814.47265625,0.903851,energy_only,2560,optimized_structures/5__005_score_0.9646.xyz,-6.22180392742157
POSCAR_006_score_0.9636.vasp,-37814.421875,0.8852906,energy_only,2560,optimized_structures/6__006_score_0.9636.xyz,-6.221784090995788
POSCAR_007_score_0.9048.vasp,-37813.8828125,0.92556155,energy_only,2560,optimized_structures/7__007_score_0.9048.xyz,-6.221573519706726
POSCAR_008_score_0.9788.vasp,-37814.3515625,0.88912463,energy_only,2560,optimized_structures/8__008_score_0.9788.xyz,-6.221756625175476
POSCAR_009_score_0.9712.vasp,-37814.19921875,0.9450406,energy_only,2560,optimized_structures/9__009_score_0.9712.xyz,-6.221697115898133
POSCAR_010_score_0.9962.vasp,-37814.2109375,0.92575574,energy_only,2560,optimized_structures/10__010_score_0.9962.xyz,-6.221701693534851
POSCAR_011_score_0.9646.vasp,-37814.6953125,0.8813656,energy_only,2560,optimized_structures/11__011_score_0.9646.xyz,-6.221890902519226
POSCAR_012_score_0.9505.vasp,-37814.1640625,0.9109378,energy_only,2560,optimized_structures/12__012_score_0.9505.xyz,-6.221683382987976
POSCAR_013_score_0.9712.vasp,-37814.40234375,0.9091626,energy_only,2560,optimized_structures/13__013_score_0.9712.xyz,-6.221776461601257
POSCAR_014_score_0.9581.vasp,-37814.390625,0.89545727,energy_only,2560,optimized_structures/14__014_score_0.9581.xyz,-6.221771883964538
POSCAR_015_score_0.9538.vasp,-37813.77734375,0.95164824,energy_only,2560,optimized_structures/15__015_score_0.9538.xyz,-6.221532320976257
POSCAR_016_score_0.9559.vasp,-37814.2265625,0.93413556,energy_only,2560,optimized_structures/16__016_score_0.9559.xyz,-6.221707797050476
POSCAR_017_score_0.9657.vasp,-37814.5234375,0.9154864,energy_only,2560,optimized_structures/17__017_score_0.9657.xyz,-6.221823763847351
POSCAR_018_score_0.9929.vasp,-37814.3359375,0.91252154,energy_only,2560,optimized_structures/18__018_score_0.9929.xyz,-6.221750521659851
POSCAR_019_score_0.9668.vasp,-37814.2421875,0.90239376,energy_only,2560,optimized_structures/19__019_score_0.9668.xyz,-6.221713900566101
POSCAR_020_score_0.9962.vasp,-37814.44140625,0.91910285,energy_only,2560,optimized_structures/20__020_score_0.9962.xyz,-6.2217917203903195
POSCAR_021_score_0.9461.vasp,-37814.68359375,0.89395577,energy_only,2560,optimized_structures/21__021_score_0.9461.xyz,-6.221886324882507
POSCAR_022_score_0.9298.vasp,-37813.66796875,0.91998005,energy_only,2560,optimized_structures/22__022_score_0.9298.xyz,-6.221489596366882
POSCAR_023_score_0.9374.vasp,-37813.78125,0.90667254,energy_only,2560,optimized_structures/23__023_score_0.9374.xyz,-6.221533846855164
POSCAR_024_score_0.9636.vasp,-37814.04296875,0.90919685,energy_only,2560,optimized_structures/24__024_score_0.9636.xyz,-6.221636080741883
POSCAR_025_score_0.9625.vasp,-37814.47265625,0.9099302,energy_only,2560,optimized_structures/25__025_score_0.9625.xyz,-6.22180392742157
POSCAR_026_score_0.9418.vasp,-37814.578125,0.8913502,energy_only,2560,optimized_structures/26__026_score_0.9418.xyz,-6.221845126152038
POSCAR_027_score_0.9548.vasp,-37814.25390625,0.9077048,energy_only,2560,optimized_structures/27__027_score_0.9548.xyz,-6.22171847820282
POSCAR_028_score_0.9581.vasp,-37814.5859375,0.9632953,energy_only,2560,optimized_structures/28__028_score_0.9581.xyz,-6.221848177909851
POSCAR_029_score_0.9494.vasp,-37814.27734375,0.8895632,energy_only,2560,optimized_structures/29__029_score_0.9494.xyz,-6.221727633476258
POSCAR_030_score_0.9810.vasp,-37814.1484375,0.8794743,energy_only,2560,optimized_structures/30__030_score_0.9810.xyz,-6.221677279472351
POSCAR_031_score_0.9570.vasp,-37814.24609375,0.9236001,energy_only,2560,optimized_structures/31__031_score_0.9570.xyz,-6.221715426445007
POSCAR_032_score_0.9418.vasp,-37814.125,0.9271684,energy_only,2560,optimized_structures/32__032_score_0.9418.xyz,-6.221668124198914
POSCAR_033_score_0.9320.vasp,-37814.6171875,0.9491928,energy_only,2560,optimized_structures/33__033_score_0.9320.xyz,-6.221860384941101
POSCAR_034_score_0.9712.vasp,-37814.390625,0.9172619,energy_only,2560,optimized_structures/34__034_score_0.9712.xyz,-6.221771883964538
POSCAR_035_score_0.9494.vasp,-37814.4375,0.8725286,energy_only,2560,optimized_structures/35__035_score_0.9494.xyz,-6.221790194511414
POSCAR_036_score_0.9418.vasp,-37813.88671875,0.9083694,energy_only,2560,optimized_structures/36__036_score_0.9418.xyz,-6.221575045585633
POSCAR_037_score_0.9766.vasp,-37814.18359375,0.92297363,energy_only,2560,optimized_structures/37__037_score_0.9766.xyz,-6.221691012382507
POSCAR_038_score_0.9668.vasp,-37814.1953125,0.907614,energy_only,2560,optimized_structures/38__038_score_0.9668.xyz,-6.221695590019226
POSCAR_039_score_0.9723.vasp,-37814.20703125,0.9072435,energy_only,2560,optimized_structures/39__039_score_0.9723.xyz,-6.2217001676559445
POSCAR_040_score_0.9744.vasp,-37814.4140625,0.9957429,energy_only,2560,optimized_structures/40__040_score_0.9744.xyz,-6.221781039237976
POSCAR_041_score_0.9059.vasp,-37814.0703125,0.89443165,energy_only,2560,optimized_structures/41__041_score_0.9059.xyz,-6.221646761894226
POSCAR_042_score_0.9755.vasp,-37814.11328125,0.91180354,energy_only,2560,optimized_structures/42__042_score_0.9755.xyz,-6.221663546562195
POSCAR_043_score_0.9625.vasp,-37814.6171875,0.8875553,energy_only,2560,optimized_structures/43__043_score_0.9625.xyz,-6.221860384941101
POSCAR_044_score_0.9559.vasp,-37814.48828125,0.92493564,energy_only,2560,optimized_structures/44__044_score_0.9559.xyz,-6.221810030937195
POSCAR_045_score_0.9712.vasp,-37814.3125,0.9181305,energy_only,2560,optimized_structures/45__045_score_0.9712.xyz,-6.221741366386413
POSCAR_046_score_0.9799.vasp,-37814.30859375,0.891995,energy_only,2560,optimized_structures/46__046_score_0.9799.xyz,-6.2217398405075075
POSCAR_047_score_0.9276.vasp,-37814.6875,0.88361627,energy_only,2560,optimized_structures/47__047_score_0.9276.xyz,-6.221887850761414
POSCAR_048_score_0.9385.vasp,-37814.1015625,0.9381648,energy_only,2560,optimized_structures/48__048_score_0.9385.xyz,-6.221658968925476
POSCAR_049_score_0.9559.vasp,-37814.4609375,0.9031085,energy_only,2560,optimized_structures/49__049_score_0.9559.xyz,-6.221799349784851
POSCAR_050_score_0.9527.vasp,-37814.24609375,0.94862705,energy_only,2560,optimized_structures/50__050_score_0.9527.xyz,-6.221715426445007
POSCAR_051_score_0.9418.vasp,-37814.0234375,0.93425393,energy_only,2560,optimized_structures/51__051_score_0.9418.xyz,-6.221628451347351
POSCAR_052_score_0.9701.vasp,-37814.28125,0.9178711,energy_only,2560,optimized_structures/52__052_score_0.9701.xyz,-6.221729159355164
POSCAR_053_score_0.9701.vasp,-37814.015625,0.91362566,energy_only,2560,optimized_structures/53__053_score_0.9701.xyz,-6.221625399589539
POSCAR_054_score_0.9657.vasp,-37814.140625,0.9104986,energy_only,2560,optimized_structures/54__054_score_0.9657.xyz,-6.221674227714539
POSCAR_055_score_0.9472.vasp,-37814.421875,0.90434307,energy_only,2560,optimized_structures/55__055_score_0.9472.xyz,-6.221784090995788
POSCAR_056_score_0.9657.vasp,-37814.796875,0.8891722,energy_only,2560,optimized_structures/56__056_score_0.9657.xyz,-6.221930575370789
POSCAR_057_score_0.9657.vasp,-37814.3125,0.93861586,energy_only,2560,optimized_structures/57__057_score_0.9657.xyz,-6.221741366386413
POSCAR_058_score_0.9592.vasp,-37814.703125,0.9323626,energy_only,2560,optimized_structures/58__058_score_0.9592.xyz,-6.221893954277038
POSCAR_059_score_0.9679.vasp,-37814.03125,0.93251634,energy_only,2560,optimized_structures/59__059_score_0.9679.xyz,-6.221631503105163
POSCAR_060_score_0.9842.vasp,-37814.39453125,0.8894484,energy_only,2560,optimized_structures/60__060_score_0.9842.xyz,-6.221773409843445
POSCAR_061_score_0.9483.vasp,-37813.8671875,0.9338565,energy_only,2560,optimized_structures/61__061_score_0.9483.xyz,-6.221567416191101
POSCAR_062_score_0.9538.vasp,-37814.15234375,0.9438525,energy_only,2560,optimized_structures/62__062_score_0.9538.xyz,-6.2216788053512575
POSCAR_063_score_0.9690.vasp,-37814.59375,0.9312205,energy_only,2560,optimized_structures/63__063_score_0.9690.xyz,-6.221851229667664
POSCAR_064_score_0.9538.vasp,-37814.6953125,0.893375,energy_only,2560,optimized_structures/64__064_score_0.9538.xyz,-6.221890902519226
POSCAR_065_score_0.9385.vasp,-37814.5078125,0.9087582,energy_only,2560,optimized_structures/65__065_score_0.9385.xyz,-6.221817660331726
POSCAR_066_score_0.9636.vasp,-37814.60546875,0.9024871,energy_only,2560,optimized_structures/66__066_score_0.9636.xyz,-6.221855807304382
POSCAR_067_score_0.9396.vasp,-37814.30859375,0.9211555,energy_only,2560,optimized_structures/67__067_score_0.9396.xyz,-6.2217398405075075
POSCAR_068_score_0.9603.vasp,-37814.453125,0.91704464,energy_only,2560,optimized_structures/68__068_score_0.9603.xyz,-6.221796298027039
POSCAR_069_score_0.9494.vasp,-37814.8359375,0.91581213,energy_only,2560,optimized_structures/69__069_score_0.9494.xyz,-6.221945834159851
POSCAR_070_score_0.9407.vasp,-37814.0625,0.91097647,energy_only,2560,optimized_structures/70__070_score_0.9407.xyz,-6.221643710136414
POSCAR_071_score_0.9603.vasp,-37814.45703125,0.95203775,energy_only,2560,optimized_structures/71__071_score_0.9603.xyz,-6.221797823905945
POSCAR_072_score_0.9744.vasp,-37814.421875,0.9198903,energy_only,2560,optimized_structures/72__072_score_0.9744.xyz,-6.221784090995788
POSCAR_073_score_0.9766.vasp,-37814.390625,0.9530269,energy_only,2560,optimized_structures/73__073_score_0.9766.xyz,-6.221771883964538
POSCAR_074_score_0.9799.vasp,-37814.0078125,0.92863184,energy_only,2560,optimized_structures/74__074_score_0.9799.xyz,-6.221622347831726
POSCAR_075_score_0.9723.vasp,-37813.97265625,0.90728116,energy_only,2560,optimized_structures/75__075_score_0.9723.xyz,-6.2216086149215695
POSCAR_076_score_0.9461.vasp,-37814.140625,0.93045753,energy_only,2560,optimized_structures/76__076_score_0.9461.xyz,-6.221674227714539
POSCAR_077_score_0.9690.vasp,-37814.16015625,0.9457424,energy_only,2560,optimized_structures/77__077_score_0.9690.xyz,-6.22168185710907
POSCAR_078_score_0.9668.vasp,-37814.2265625,0.91708136,energy_only,2560,optimized_structures/78__078_score_0.9668.xyz,-6.221707797050476
POSCAR_079_score_0.9472.vasp,-37814.4140625,0.91417074,energy_only,2560,optimized_structures/79__079_score_0.9472.xyz,-6.221781039237976
POSCAR_080_score_0.9810.vasp,-37814.07421875,0.9017093,energy_only,2560,optimized_structures/80__080_score_0.9810.xyz,-6.2216482877731325
POSCAR_081_score_0.9472.vasp,-37814.7265625,0.8911879,energy_only,2560,optimized_structures/81__081_score_0.9472.xyz,-6.221903109550476
POSCAR_082_score_0.9592.vasp,-37813.86328125,0.908306,energy_only,2560,optimized_structures/82__082_score_0.9592.xyz,-6.221565890312195
POSCAR_083_score_0.9494.vasp,-37814.59375,0.9122943,energy_only,2560,optimized_structures/83__083_score_0.9494.xyz,-6.221851229667664
POSCAR_084_score_0.9548.vasp,-37814.81640625,0.8961856,energy_only,2560,optimized_structures/84__084_score_0.9548.xyz,-6.22193820476532
POSCAR_085_score_0.9962.vasp,-37814.13671875,0.92350495,energy_only,2560,optimized_structures/85__085_score_0.9962.xyz,-6.221672701835632
POSCAR_086_score_0.9842.vasp,-37814.4140625,0.9399102,energy_only,2560,optimized_structures/86__086_score_0.9842.xyz,-6.221781039237976
POSCAR_087_score_0.9592.vasp,-37814.4296875,0.9139621,energy_only,2560,optimized_structures/87__087_score_0.9592.xyz,-6.221787142753601
POSCAR_088_score_0.9679.vasp,-37814.59375,0.9049061,energy_only,2560,optimized_structures/88__088_score_0.9679.xyz,-6.221851229667664
POSCAR_089_score_0.9342.vasp,-37814.2734375,0.9055153,energy_only,2560,optimized_structures/89__089_score_0.9342.xyz,-6.221726107597351
POSCAR_090_score_0.9636.vasp,-37814.1796875,0.9244443,energy_only,2560,optimized_structures/90__090_score_0.9636.xyz,-6.221689486503601
POSCAR_091_score_0.9548.vasp,-37814.05078125,0.9440095,energy_only,2560,optimized_structures/91__091_score_0.9548.xyz,-6.2216391324996945
POSCAR_092_score_0.9679.vasp,-37814.57421875,0.91719353,energy_only,2560,optimized_structures/92__092_score_0.9679.xyz,-6.221843600273132
POSCAR_093_score_0.9451.vasp,-37814.125,0.89891714,energy_only,2560,optimized_structures/93__093_score_0.9451.xyz,-6.221668124198914
POSCAR_094_score_0.9592.vasp,-37814.3359375,0.9410594,energy_only,2560,optimized_structures/94__094_score_0.9592.xyz,-6.221750521659851
POSCAR_095_score_0.9875.vasp,-37814.45703125,0.9199971,energy_only,2560,optimized_structures/95__095_score_0.9875.xyz,-6.221797823905945
POSCAR_096_score_0.9733.vasp,-37814.6953125,0.89908874,energy_only,2560,optimized_structures/96__096_score_0.9733.xyz,-6.221890902519226
POSCAR_097_score_0.9494.vasp,-37814.83984375,0.92192525,energy_only,2560,optimized_structures/97__097_score_0.9494.xyz,-6.221947360038757
POSCAR_098_score_0.9603.vasp,-37814.15234375,0.90305865,energy_only,2560,optimized_structures/98__098_score_0.9603.xyz,-6.2216788053512575
POSCAR_099_score_0.9385.vasp,-37814.5078125,0.89288425,energy_only,2560,optimized_structures/99__099_score_0.9385.xyz,-6.221817660331726
POSCAR_100_score_0.9636.vasp,-37814.4375,0.9230458,energy_only,2560,optimized_structures/100__100_score_0.9636.xyz,-6.221790194511414
